inventory_id,product_id,warehouse,stock_quantity,last_updated
1,1795,WH_Delhi,159,2023-06-04
2,1649,WH_Bangalore,368,2024-05-06
3,1611,WH_Bangalore,412,2023-05-08
4,1344,WH_Delhi,58,2024-08-30
5,1786,WH_Bangalore,87,2023-05-05
6,1989,WH_Mumbai,229,2023-10-15
7,1338,WH_Mumbai,415,2024-01-01
8,1190,WH_Delhi,70,2024-10-17
9,1387,WH_Mumbai,63,2023-11-29
10,1452,WH_Mumbai,399,2024-03-07
11,1267,WH_Mumbai,339,2023-05-22
12,1193,WH_Mumbai,416,2023-08-30
13,1772,WH_Kolkata,427,2023-10-12
14,1696,WH_Bangalore,262,2023-08-07
15,1693,WH_Mumbai,485,2023-10-14
16,1462,WH_Delhi,178,2024-11-13
17,1853,WH_Bangalore,309,2024-02-13
18,1971,WH_Mumbai,346,2024-04-11
19,1580,WH_Bangalore,208,2023-08-22
20,1849,WH_Delhi,393,2023-07-05
21,1481,WH_Delhi,439,2024-04-15
22,1180,WH_Bangalore,494,2024-03-01
23,1998,WH_Kolkata,488,2024-09-23
24,1067,WH_Delhi,162,2024-09-06
25,1215,WH_Kolkata,158,2023-02-16
26,1105,WH_Mumbai,104,2024-01-27
27,1517,WH_Kolkata,24,2023-08-16
28,1484,WH_Delhi,396,2024-07-05
29,1427,WH_Kolkata,170,2023-03-26
30,1206,WH_Mumbai,499,2023-02-20
31,1384,WH_Kolkata,197,2023-02-27
32,1014,WH_Delhi,279,2024-08-11
33,1058,WH_Bangalore,427,2024-01-31
34,1728,WH_Bangalore,444,2024-04-24
35,1340,WH_Mumbai,345,2023-04-03
36,1560,WH_Bangalore,136,2024-08-14
37,1734,WH_Mumbai,55,2024-03-23
38,1118,WH_Bangalore,446,2024-03-28
39,1305,WH_Mumbai,26,2024-04-28
40,1231,WH_Mumbai,349,2023-09-27
41,1264,WH_Delhi,303,2023-11-16
42,1863,WH_Bangalore,128,2023-08-04
43,1948,WH_Kolkata,197,2024-07-06
44,1419,WH_Delhi,314,2024-07-09
45,1317,WH_Mumbai,417,2024-01-17
46,1564,WH_Mumbai,212,2023-02-05
47,1189,WH_Delhi,78,2023-09-24
48,1339,WH_Kolkata,53,2023-06-18
49,1480,WH_Bangalore,437,2024-07-28
50,1954,WH_Delhi,228,2024-07-01
51,1352,WH_Delhi,162,2024-06-29
52,1337,WH_Mumbai,399,2024-05-02
53,1497,WH_Kolkata,176,2023-12-31
54,1324,WH_Bangalore,402,2023-10-11
55,1278,WH_Delhi,7,2023-09-22
56,1300,WH_Bangalore,198,2024-01-12
57,1067,WH_Kolkata,22,2024-11-19
58,1021,WH_Kolkata,255,2023-11-24
59,1935,WH_Mumbai,52,2024-07-26
60,1917,WH_Bangalore,389,2023-01-08
61,1285,WH_Bangalore,388,2024-06-23
62,1102,WH_Delhi,486,2024-10-10
63,1736,WH_Delhi,418,2023-10-27
64,1143,WH_Bangalore,177,2023-03-27
65,1601,WH_Mumbai,36,2024-02-27
66,1663,WH_Bangalore,300,2024-04-18
67,1981,WH_Kolkata,235,2023-01-15
68,1191,WH_Bangalore,319,2023-10-08
69,1076,WH_Bangalore,95,2024-03-30
70,1145,WH_Delhi,500,2023-10-11
71,1457,WH_Bangalore,359,2024-04-13
72,1804,WH_Delhi,352,2024-06-29
73,1185,WH_Bangalore,13,2023-07-09
74,1601,WH_Mumbai,309,2023-12-11
75,1612,WH_Kolkata,36,2023-10-19
76,1892,WH_Delhi,23,2024-04-01
77,1241,WH_Delhi,486,2023-10-18
78,1908,WH_Kolkata,492,2024-05-06
79,1368,WH_Kolkata,95,2023-02-05
80,1920,WH_Kolkata,414,2023-01-03
81,1156,WH_Bangalore,64,2024-11-14
82,1401,WH_Mumbai,278,2023-02-24
83,1376,WH_Delhi,373,2024-09-02
84,1941,WH_Bangalore,184,2024-05-11
85,1350,WH_Delhi,336,2024-11-24
86,1780,WH_Delhi,119,2024-05-16
87,1140,WH_Delhi,183,2024-10-29
88,1728,WH_Delhi,185,2023-06-14
89,1729,WH_Kolkata,94,2024-06-22
90,1307,WH_Delhi,215,2024-09-06
91,1588,WH_Kolkata,84,2023-05-12
92,1540,WH_Mumbai,1,2024-01-04
93,1533,WH_Delhi,118,2024-02-11
94,1382,WH_Kolkata,244,2024-10-12
95,1499,WH_Mumbai,388,2024-11-30
96,1485,WH_Mumbai,162,2023-03-04
97,1656,WH_Kolkata,424,2024-03-27
98,1127,WH_Mumbai,389,2024-05-10
99,1327,WH_Delhi,69,2024-11-04
100,1518,WH_Delhi,191,2024-05-25
101,1069,WH_Delhi,25,2024-03-02
102,1457,WH_Mumbai,393,2024-07-16
103,1501,WH_Kolkata,461,2023-08-04
104,1097,WH_Delhi,364,2024-04-08
105,1108,WH_Kolkata,69,2023-02-10
106,1727,WH_Kolkata,192,2024-07-01
107,1987,WH_Mumbai,360,2023-11-21
108,1432,WH_Kolkata,349,2023-09-01
109,1638,WH_Delhi,180,2023-09-03
110,1836,WH_Delhi,427,2023-08-06
111,1585,WH_Kolkata,464,2023-09-25
112,1470,WH_Mumbai,284,2024-04-27
113,1863,WH_Bangalore,312,2023-03-04
114,1038,WH_Mumbai,142,2024-11-14
115,1891,WH_Kolkata,422,2024-05-18
116,1495,WH_Bangalore,412,2024-09-29
117,1313,WH_Kolkata,481,2023-04-08
118,1817,WH_Kolkata,498,2024-09-28
119,1641,WH_Delhi,128,2024-02-14
120,1533,WH_Kolkata,201,2024-04-20
121,1658,WH_Kolkata,418,2023-12-09
122,1772,WH_Delhi,29,2024-06-09
123,1969,WH_Bangalore,305,2024-10-10
124,1780,WH_Mumbai,384,2023-02-08
125,1841,WH_Delhi,32,2023-07-08
126,1583,WH_Mumbai,20,2023-12-30
127,1648,WH_Delhi,351,2023-12-30
128,1853,WH_Delhi,186,2023-03-17
129,1187,WH_Bangalore,144,2023-10-19
130,1907,WH_Delhi,433,2024-11-11
131,1485,WH_Delhi,224,2023-11-24
132,1374,WH_Delhi,45,2023-01-25
133,1543,WH_Bangalore,369,2024-08-30
134,1954,WH_Kolkata,428,2023-05-06
135,1873,WH_Kolkata,349,2023-12-05
136,1827,WH_Delhi,451,2023-03-21
137,1959,WH_Delhi,259,2023-09-15
138,1348,WH_Mumbai,289,2023-12-14
139,1127,WH_Kolkata,291,2023-02-18
140,1807,WH_Kolkata,107,2023-06-15
141,1019,WH_Mumbai,20,2024-04-13
142,1037,WH_Delhi,72,2024-02-07
143,1340,WH_Delhi,470,2023-08-07
144,1655,WH_Kolkata,156,2023-08-19
145,1557,WH_Bangalore,405,2024-05-29
146,1997,WH_Delhi,311,2024-01-07
147,1223,WH_Bangalore,321,2023-02-06
148,1950,WH_Delhi,6,2023-10-09
149,1804,WH_Bangalore,10,2023-06-02
150,1500,WH_Mumbai,494,2024-03-08
151,1539,WH_Mumbai,500,2023-07-23
152,1718,WH_Bangalore,102,2024-02-09
153,1119,WH_Mumbai,437,2024-01-24
154,1183,WH_Mumbai,250,2023-05-17
155,1695,WH_Bangalore,303,2023-10-10
156,1211,WH_Kolkata,402,2024-04-19
157,1202,WH_Delhi,104,2023-07-01
158,1381,WH_Mumbai,295,2023-12-13
159,1113,WH_Kolkata,465,2023-08-14
160,1913,WH_Mumbai,422,2023-03-04
161,1786,WH_Delhi,155,2023-02-23
162,1219,WH_Kolkata,283,2023-12-05
163,1400,WH_Delhi,45,2023-01-02
164,1870,WH_Delhi,220,2023-04-26
165,1351,WH_Delhi,40,2024-08-05
166,1831,WH_Kolkata,373,2024-03-07
167,1750,WH_Bangalore,277,2023-04-18
168,1747,WH_Bangalore,108,2023-12-20
169,1839,WH_Mumbai,52,2024-03-20
170,1408,WH_Mumbai,471,2023-07-13
171,1918,WH_Bangalore,497,2024-11-07
172,1389,WH_Kolkata,271,2023-11-12
173,1506,WH_Delhi,163,2024-05-01
174,1900,WH_Bangalore,380,2023-07-23
175,1125,WH_Delhi,470,2024-04-26
176,1188,WH_Mumbai,485,2024-07-01
177,1771,WH_Delhi,84,2024-06-05
178,1435,WH_Mumbai,329,2023-06-15
179,1659,WH_Bangalore,227,2023-06-18
180,1757,WH_Kolkata,467,2024-09-28
181,1742,WH_Kolkata,133,2023-11-08
182,1071,WH_Bangalore,225,2024-02-22
183,1407,WH_Mumbai,156,2023-10-20
184,1388,WH_Kolkata,435,2024-07-27
185,1714,WH_Mumbai,429,2024-10-08
186,1390,WH_Kolkata,356,2024-04-20
187,1725,WH_Delhi,44,2024-08-05
188,1737,WH_Bangalore,280,2024-06-16
189,1769,WH_Kolkata,403,2023-06-16
190,1370,WH_Delhi,195,2023-08-17
191,1826,WH_Mumbai,141,2024-03-03
192,1095,WH_Delhi,94,2023-02-20
193,1815,WH_Bangalore,51,2023-12-24
194,1558,WH_Delhi,199,2023-08-14
195,1656,WH_Bangalore,479,2024-02-02
196,1466,WH_Mumbai,58,2024-02-19
197,1679,WH_Delhi,274,2024-03-26
198,1979,WH_Kolkata,189,2023-12-08
199,1892,WH_Mumbai,387,2023-07-19
200,1465,WH_Delhi,473,2023-10-06
201,1007,WH_Bangalore,240,2023-05-08
202,1236,WH_Delhi,418,2023-08-15
203,1695,WH_Kolkata,20,2024-09-12
204,1005,WH_Bangalore,486,2024-02-03
205,1881,WH_Bangalore,151,2024-03-09
206,1655,WH_Mumbai,159,2024-09-19
207,1012,WH_Delhi,137,2024-08-28
208,1320,WH_Delhi,332,2024-09-20
209,1200,WH_Delhi,358,2023-12-24
210,1488,WH_Kolkata,186,2023-11-16
211,1408,WH_Delhi,394,2024-11-27
212,1135,WH_Delhi,458,2023-05-15
213,1623,WH_Bangalore,405,2023-02-13
214,1601,WH_Mumbai,283,2023-04-01
215,1520,WH_Mumbai,90,2023-02-17
216,1367,WH_Mumbai,30,2023-09-21
217,1657,WH_Bangalore,432,2024-04-01
218,1024,WH_Mumbai,24,2024-07-10
219,1820,WH_Bangalore,197,2023-03-19
220,1210,WH_Bangalore,309,2024-03-21
221,1691,WH_Kolkata,286,2024-06-19
222,1189,WH_Delhi,360,2024-10-31
223,1933,WH_Kolkata,236,2023-07-27
224,1110,WH_Mumbai,166,2023-11-17
225,1348,WH_Delhi,120,2024-06-02
226,1888,WH_Bangalore,444,2024-01-18
227,1106,WH_Delhi,35,2023-11-01
228,1857,WH_Delhi,312,2023-06-10
229,1091,WH_Kolkata,262,2024-06-21
230,1540,WH_Mumbai,419,2024-10-18
231,1784,WH_Delhi,221,2023-05-11
232,1645,WH_Mumbai,178,2023-02-18
233,1671,WH_Kolkata,9,2024-09-28
234,1268,WH_Delhi,281,2023-08-31
235,1443,WH_Bangalore,322,2023-10-06
236,1163,WH_Bangalore,126,2024-06-25
237,1247,WH_Bangalore,229,2023-04-21
238,1672,WH_Delhi,111,2024-10-20
239,1525,WH_Mumbai,372,2024-09-21
240,1400,WH_Mumbai,335,2023-03-17
241,1662,WH_Mumbai,290,2023-11-08
242,1253,WH_Delhi,261,2023-09-10
243,1581,WH_Mumbai,200,2023-11-24
244,1556,WH_Kolkata,42,2023-05-05
245,1657,WH_Bangalore,241,2024-02-02
246,1675,WH_Kolkata,131,2023-08-05
247,1496,WH_Kolkata,228,2023-08-10
248,1173,WH_Bangalore,245,2023-11-10
249,1896,WH_Mumbai,33,2023-09-04
250,1699,WH_Delhi,103,2023-03-31
251,1245,WH_Kolkata,441,2024-02-25
252,1849,WH_Delhi,478,2023-05-04
253,1432,WH_Bangalore,32,2024-05-21
254,1454,WH_Bangalore,377,2024-11-15
255,1726,WH_Delhi,69,2023-06-21
256,1338,WH_Mumbai,227,2024-07-17
257,1154,WH_Kolkata,347,2023-01-05
258,1761,WH_Delhi,151,2023-05-02
259,1172,WH_Kolkata,245,2023-10-12
260,1274,WH_Delhi,316,2023-04-03
261,1064,WH_Bangalore,175,2024-05-17
262,1801,WH_Bangalore,306,2023-04-22
263,1126,WH_Bangalore,358,2023-09-03
264,1879,WH_Mumbai,375,2024-05-12
265,1393,WH_Mumbai,408,2023-01-29
266,1727,WH_Mumbai,325,2024-03-15
267,1010,WH_Delhi,196,2023-04-28
268,1406,WH_Bangalore,139,2024-11-13
269,1300,WH_Kolkata,168,2024-06-10
270,1788,WH_Kolkata,206,2024-10-08
271,1870,WH_Bangalore,442,2023-01-25
272,1179,WH_Bangalore,281,2024-11-04
273,1237,WH_Mumbai,160,2023-06-04
274,1049,WH_Delhi,1,2023-07-23
275,1031,WH_Delhi,262,2024-11-01
276,1687,WH_Bangalore,198,2024-09-01
277,1283,WH_Delhi,4,2024-08-03
278,1685,WH_Delhi,481,2023-05-05
279,1094,WH_Bangalore,464,2023-10-31
280,1134,WH_Mumbai,406,2023-12-31
281,1406,WH_Mumbai,95,2024-09-15
282,1391,WH_Bangalore,90,2024-02-06
283,1817,WH_Kolkata,208,2023-03-11
284,1660,WH_Bangalore,11,2024-08-13
285,1291,WH_Kolkata,162,2024-06-09
286,1969,WH_Bangalore,262,2024-08-19
287,1436,WH_Bangalore,151,2024-07-27
288,1635,WH_Kolkata,257,2023-10-05
289,1206,WH_Bangalore,364,2024-04-14
290,1233,WH_Mumbai,44,2023-09-08
291,1278,WH_Bangalore,310,2024-09-29
292,1121,WH_Bangalore,350,2023-09-30
293,1777,WH_Kolkata,491,2024-02-19
294,1214,WH_Delhi,70,2023-11-12
295,1423,WH_Kolkata,148,2024-04-01
296,1615,WH_Kolkata,498,2024-07-06
297,1271,WH_Kolkata,270,2024-07-14
298,1108,WH_Delhi,197,2024-09-05
299,1342,WH_Delhi,339,2023-07-05
300,1422,WH_Delhi,111,2024-04-03
301,1251,WH_Mumbai,158,2023-02-23
302,1627,WH_Bangalore,399,2024-01-09
303,1885,WH_Delhi,261,2023-07-26
304,1606,WH_Delhi,409,2023-03-04
305,1752,WH_Bangalore,254,2024-03-02
306,1158,WH_Bangalore,393,2024-05-03
307,1607,WH_Delhi,105,2023-05-03
308,1375,WH_Mumbai,334,2024-01-09
309,1368,WH_Mumbai,295,2023-09-01
310,1567,WH_Bangalore,158,2023-05-03
311,1367,WH_Mumbai,346,2023-11-26
312,1608,WH_Bangalore,243,2023-03-03
313,1351,WH_Kolkata,354,2024-08-28
314,1834,WH_Mumbai,191,2023-11-19
315,1754,WH_Bangalore,435,2024-04-18
316,1571,WH_Mumbai,249,2023-07-19
317,1960,WH_Delhi,486,2024-06-17
318,1584,WH_Mumbai,253,2023-09-17
319,1510,WH_Kolkata,176,2024-03-28
320,1842,WH_Bangalore,119,2024-09-21
321,1584,WH_Bangalore,266,2024-06-12
322,1371,WH_Mumbai,299,2024-03-14
323,1078,WH_Bangalore,186,2023-08-24
324,1881,WH_Mumbai,70,2024-01-31
325,1555,WH_Kolkata,463,2023-05-25
326,1210,WH_Delhi,124,2023-02-13
327,1609,WH_Mumbai,23,2023-08-06
328,1545,WH_Bangalore,170,2024-08-25
329,1461,WH_Kolkata,14,2024-07-14
330,1409,WH_Kolkata,10,2024-02-21
331,1145,WH_Bangalore,160,2023-01-06
332,1227,WH_Kolkata,207,2023-06-21
333,1120,WH_Kolkata,91,2024-05-06
334,1211,WH_Kolkata,70,2023-02-08
335,1783,WH_Kolkata,135,2023-10-06
336,1816,WH_Delhi,389,2023-04-02
337,1241,WH_Delhi,96,2024-04-18
338,1015,WH_Kolkata,57,2024-05-14
339,1912,WH_Delhi,336,2023-02-01
340,1494,WH_Delhi,122,2023-07-01
341,1763,WH_Delhi,102,2023-04-02
342,1163,WH_Kolkata,66,2023-12-30
343,1102,WH_Kolkata,254,2024-01-23
344,1039,WH_Kolkata,29,2023-03-01
345,1364,WH_Delhi,169,2023-05-06
346,1585,WH_Kolkata,123,2023-01-23
347,1345,WH_Bangalore,379,2024-06-04
348,1268,WH_Kolkata,191,2024-09-30
349,1444,WH_Kolkata,141,2023-04-23
350,1718,WH_Delhi,100,2024-11-04
351,1336,WH_Delhi,138,2024-03-15
352,1143,WH_Kolkata,412,2023-11-09
353,1615,WH_Delhi,235,2024-05-09
354,2000,WH_Kolkata,189,2023-07-13
355,1140,WH_Bangalore,420,2024-08-06
356,1038,WH_Mumbai,434,2023-11-02
357,1730,WH_Delhi,149,2023-09-20
358,1830,WH_Delhi,171,2023-04-16
359,1725,WH_Bangalore,65,2023-08-26
360,1764,WH_Kolkata,165,2023-04-13
361,1781,WH_Delhi,157,2023-07-31
362,1637,WH_Bangalore,161,2024-01-08
363,1466,WH_Mumbai,302,2024-01-09
364,1842,WH_Kolkata,370,2024-04-06
365,1051,WH_Bangalore,198,2023-02-20
366,1198,WH_Delhi,376,2023-08-01
367,1380,WH_Kolkata,454,2024-07-12
368,1088,WH_Mumbai,301,2023-07-01
369,1571,WH_Delhi,81,2024-11-28
370,1858,WH_Kolkata,107,2023-04-28
371,1903,WH_Delhi,67,2024-11-24
372,1365,WH_Delhi,209,2023-04-06
373,1723,WH_Kolkata,102,2023-12-03
374,1778,WH_Mumbai,258,2023-09-20
375,1816,WH_Bangalore,45,2023-02-23
376,1337,WH_Bangalore,417,2023-04-23
377,1120,WH_Bangalore,136,2023-12-02
378,1301,WH_Delhi,5,2023-10-30
379,1284,WH_Delhi,183,2024-04-28
380,1792,WH_Kolkata,319,2023-02-03
381,1915,WH_Kolkata,464,2024-10-30
382,1268,WH_Delhi,402,2023-08-25
383,1007,WH_Bangalore,432,2024-07-08
384,1987,WH_Mumbai,306,2024-10-12
385,1471,WH_Kolkata,490,2024-04-01
386,1674,WH_Kolkata,391,2024-03-14
387,1609,WH_Kolkata,200,2024-08-14
388,1317,WH_Delhi,438,2023-06-13
389,1247,WH_Delhi,66,2024-03-09
390,1993,WH_Bangalore,8,2024-08-06
391,1209,WH_Mumbai,439,2023-03-27
392,1528,WH_Kolkata,461,2023-11-20
393,1093,WH_Bangalore,419,2023-07-19
394,1358,WH_Delhi,436,2023-12-12
395,1871,WH_Delhi,150,2024-11-16
396,1240,WH_Bangalore,169,2024-08-29
397,1680,WH_Delhi,275,2023-02-05
398,1774,WH_Kolkata,143,2024-02-29
399,1758,WH_Bangalore,366,2024-07-26
400,1149,WH_Delhi,267,2024-11-23
401,1511,WH_Kolkata,154,2024-01-29
402,1098,WH_Mumbai,332,2023-11-25
403,1443,WH_Mumbai,406,2023-01-08
404,1416,WH_Bangalore,304,2024-01-03
405,1894,WH_Kolkata,293,2023-12-05
406,1580,WH_Bangalore,269,2024-02-03
407,1522,WH_Bangalore,242,2023-01-24
408,1709,WH_Kolkata,366,2023-01-26
409,1192,WH_Delhi,41,2023-09-11
410,1734,WH_Mumbai,79,2023-01-01
411,1495,WH_Mumbai,346,2024-11-16
412,1433,WH_Mumbai,258,2023-02-22
413,1752,WH_Mumbai,329,2024-10-28
414,1876,WH_Bangalore,343,2023-07-30
415,1520,WH_Delhi,61,2023-06-26
416,1150,WH_Delhi,469,2024-05-08
417,1573,WH_Kolkata,467,2024-06-13
418,1313,WH_Bangalore,135,2023-09-20
419,1856,WH_Delhi,108,2023-06-03
420,1333,WH_Kolkata,99,2023-02-09
421,1266,WH_Bangalore,209,2024-08-21
422,1200,WH_Delhi,356,2023-05-26
423,1832,WH_Kolkata,211,2024-01-03
424,1198,WH_Delhi,157,2024-01-15
425,1140,WH_Mumbai,365,2023-02-26
426,1480,WH_Delhi,77,2023-08-07
427,1334,WH_Kolkata,287,2024-11-07
428,1315,WH_Delhi,403,2023-07-07
429,1822,WH_Bangalore,173,2024-10-01
430,1757,WH_Bangalore,120,2024-08-21
431,1527,WH_Kolkata,379,2024-06-21
432,1469,WH_Bangalore,100,2023-12-24
433,1012,WH_Bangalore,26,2024-08-05
434,1813,WH_Kolkata,51,2024-07-09
435,1540,WH_Mumbai,308,2023-08-12
436,1506,WH_Kolkata,38,2024-11-30
437,1587,WH_Bangalore,377,2023-05-31
438,1331,WH_Kolkata,80,2024-08-09
439,1785,WH_Kolkata,166,2023-08-25
440,1132,WH_Bangalore,356,2024-02-13
441,1157,WH_Delhi,377,2023-10-18
442,1444,WH_Mumbai,47,2024-05-05
443,1524,WH_Kolkata,169,2023-04-08
444,1225,WH_Kolkata,218,2023-05-30
445,1687,WH_Bangalore,415,2023-12-21
446,1811,WH_Bangalore,120,2023-02-05
447,1197,WH_Kolkata,144,2023-07-11
448,1923,WH_Kolkata,342,2024-01-29
449,1601,WH_Bangalore,141,2024-09-11
450,1134,WH_Kolkata,367,2023-06-18
451,1372,WH_Delhi,452,2024-09-09
452,1349,WH_Bangalore,209,2024-11-25
453,1337,WH_Mumbai,320,2024-04-09
454,1109,WH_Bangalore,238,2024-04-25
455,1982,WH_Bangalore,138,2023-07-31
456,1658,WH_Delhi,338,2024-05-25
457,1764,WH_Bangalore,343,2024-07-20
458,1029,WH_Bangalore,120,2024-11-20
459,1677,WH_Bangalore,402,2024-11-24
460,1608,WH_Bangalore,219,2023-04-20
461,1291,WH_Delhi,287,2024-07-01
462,1540,WH_Mumbai,333,2023-12-29
463,1752,WH_Kolkata,4,2023-11-01
464,1229,WH_Mumbai,307,2023-08-20
465,1068,WH_Bangalore,41,2023-12-14
466,1327,WH_Kolkata,409,2024-11-22
467,1971,WH_Delhi,447,2024-04-03
468,1974,WH_Kolkata,179,2023-07-04
469,1565,WH_Bangalore,463,2023-05-24
470,1237,WH_Kolkata,477,2024-04-30
471,1236,WH_Kolkata,449,2023-06-03
472,1960,WH_Bangalore,239,2023-11-12
473,1111,WH_Delhi,465,2024-03-17
474,1578,WH_Kolkata,329,2023-10-17
475,1648,WH_Delhi,424,2023-01-11
476,1361,WH_Bangalore,53,2023-08-22
477,1240,WH_Kolkata,241,2024-11-21
478,1564,WH_Kolkata,485,2024-08-12
479,1579,WH_Delhi,187,2024-04-23
480,1842,WH_Delhi,22,2024-06-09
481,1032,WH_Delhi,295,2023-01-01
482,1998,WH_Kolkata,403,2023-03-03
483,1994,WH_Delhi,23,2024-09-19
484,1353,WH_Kolkata,311,2024-08-25
485,1229,WH_Bangalore,490,2023-11-21
486,1322,WH_Delhi,259,2023-06-18
487,1739,WH_Delhi,57,2023-12-13
488,1629,WH_Mumbai,89,2024-03-17
489,1037,WH_Mumbai,312,2024-01-08
490,1927,WH_Delhi,216,2024-04-09
491,1945,WH_Mumbai,55,2023-02-08
492,1258,WH_Mumbai,60,2024-11-26
493,1259,WH_Bangalore,308,2024-11-03
494,1832,WH_Bangalore,336,2024-10-21
495,1946,WH_Bangalore,361,2023-02-09
496,1394,WH_Bangalore,286,2023-01-29
497,1653,WH_Delhi,500,2023-10-16
498,1085,WH_Delhi,489,2023-10-28
499,1376,WH_Bangalore,413,2023-09-02
500,1168,WH_Bangalore,109,2024-06-27
501,1774,WH_Delhi,160,2024-10-16
502,1947,WH_Delhi,86,2024-07-01
503,1519,WH_Delhi,442,2024-02-20
504,1507,WH_Kolkata,422,2024-02-13
505,1389,WH_Bangalore,495,2023-04-04
506,1276,WH_Delhi,319,2024-06-09
507,1760,WH_Mumbai,130,2023-04-13
508,1229,WH_Bangalore,117,2023-01-27
509,1961,WH_Bangalore,286,2024-05-16
510,1410,WH_Delhi,96,2024-02-11
511,1371,WH_Bangalore,346,2023-02-11
512,1035,WH_Bangalore,74,2024-07-02
513,1540,WH_Bangalore,16,2024-03-24
514,1420,WH_Mumbai,141,2024-11-04
515,1115,WH_Kolkata,169,2024-03-11
516,1009,WH_Kolkata,338,2023-08-26
517,1128,WH_Mumbai,105,2024-06-10
518,1034,WH_Delhi,480,2023-07-02
519,1179,WH_Delhi,352,2024-09-28
520,1083,WH_Bangalore,211,2024-01-21
521,1152,WH_Delhi,325,2024-08-07
522,1405,WH_Delhi,201,2024-07-13
523,1120,WH_Mumbai,350,2023-10-30
524,1817,WH_Delhi,165,2023-05-01
525,1861,WH_Bangalore,165,2024-09-22
526,1283,WH_Bangalore,324,2024-11-07
527,1702,WH_Mumbai,11,2023-11-29
528,1664,WH_Kolkata,269,2024-05-09
529,1004,WH_Mumbai,148,2024-10-24
530,1344,WH_Mumbai,15,2024-09-27
531,1074,WH_Kolkata,475,2024-07-20
532,1245,WH_Kolkata,197,2023-05-02
533,1840,WH_Delhi,415,2023-10-17
534,1674,WH_Mumbai,372,2023-06-08
535,1113,WH_Delhi,237,2023-07-09
536,1879,WH_Bangalore,148,2023-09-19
537,1168,WH_Bangalore,377,2023-03-13
538,1260,WH_Kolkata,165,2024-08-27
539,1568,WH_Delhi,22,2024-08-27
540,1988,WH_Mumbai,421,2024-06-19
541,1532,WH_Mumbai,244,2024-02-26
542,1993,WH_Kolkata,208,2023-03-14
543,1392,WH_Bangalore,470,2024-08-04
544,1648,WH_Delhi,381,2023-09-04
545,1775,WH_Bangalore,38,2023-09-03
546,1837,WH_Mumbai,151,2024-09-02
547,1610,WH_Mumbai,35,2024-06-18
548,1324,WH_Delhi,158,2024-01-15
549,1969,WH_Kolkata,437,2024-05-09
550,1220,WH_Kolkata,42,2023-05-14
551,1785,WH_Bangalore,337,2024-06-02
552,1515,WH_Delhi,180,2024-08-23
553,1625,WH_Kolkata,37,2024-10-24
554,1978,WH_Kolkata,341,2023-07-10
555,1426,WH_Kolkata,397,2023-03-30
556,1094,WH_Mumbai,274,2023-11-24
557,1804,WH_Kolkata,209,2023-01-21
558,1611,WH_Mumbai,5,2024-10-13
559,1468,WH_Mumbai,20,2024-11-24
560,1188,WH_Delhi,133,2023-06-30
561,1411,WH_Delhi,492,2024-01-17
562,1072,WH_Bangalore,402,2024-07-21
563,1715,WH_Bangalore,468,2024-05-23
564,1526,WH_Delhi,10,2023-09-20
565,1693,WH_Bangalore,29,2023-07-22
566,1008,WH_Bangalore,257,2023-12-01
567,1013,WH_Kolkata,351,2024-04-01
568,1230,WH_Delhi,120,2024-06-26
569,1601,WH_Delhi,66,2024-03-18
570,1691,WH_Mumbai,443,2023-11-26
571,1612,WH_Bangalore,322,2023-12-19
572,1347,WH_Bangalore,425,2024-09-08
573,1856,WH_Bangalore,84,2023-10-22
574,1730,WH_Delhi,20,2023-03-17
575,1932,WH_Mumbai,82,2023-11-27
576,1289,WH_Kolkata,197,2024-03-24
577,1850,WH_Bangalore,318,2024-08-03
578,1870,WH_Bangalore,122,2023-07-11
579,1271,WH_Delhi,331,2023-11-14
580,1188,WH_Kolkata,443,2024-01-25
581,1524,WH_Bangalore,349,2024-10-22
582,1867,WH_Mumbai,464,2024-02-03
583,1086,WH_Bangalore,480,2023-06-29
584,1568,WH_Mumbai,35,2023-12-03
585,1688,WH_Kolkata,298,2023-06-03
586,1580,WH_Kolkata,104,2024-11-08
587,1842,WH_Kolkata,375,2024-05-09
588,1330,WH_Mumbai,254,2023-04-13
589,1913,WH_Delhi,489,2023-04-25
590,1074,WH_Bangalore,492,2023-10-17
591,1663,WH_Mumbai,188,2023-08-30
592,1195,WH_Bangalore,29,2024-05-10
593,1383,WH_Kolkata,299,2023-01-29
594,1459,WH_Kolkata,3,2024-03-24
595,1871,WH_Kolkata,475,2023-01-07
596,1114,WH_Mumbai,465,2023-08-11
597,1783,WH_Bangalore,368,2024-11-04
598,1993,WH_Delhi,250,2024-11-09
599,1785,WH_Delhi,369,2024-04-02
600,1277,WH_Mumbai,494,2023-05-27
601,1407,WH_Bangalore,365,2023-06-23
602,1401,WH_Delhi,492,2023-05-30
603,1728,WH_Bangalore,111,2023-03-16
604,1381,WH_Kolkata,121,2023-01-21
605,1135,WH_Mumbai,133,2023-05-15
606,1932,WH_Mumbai,499,2024-11-20
607,1839,WH_Delhi,100,2024-08-08
608,1104,WH_Kolkata,219,2023-06-08
609,1010,WH_Delhi,494,2024-10-01
610,1630,WH_Kolkata,316,2024-03-07
611,1481,WH_Kolkata,470,2023-04-14
612,1393,WH_Mumbai,418,2023-12-18
613,1704,WH_Kolkata,240,2024-05-09
614,1829,WH_Mumbai,102,2023-09-16
615,1576,WH_Bangalore,382,2024-08-28
616,1849,WH_Kolkata,10,2023-09-09
617,1866,WH_Delhi,36,2023-12-20
618,1320,WH_Kolkata,469,2023-01-11
619,1835,WH_Bangalore,391,2023-04-19
620,1188,WH_Delhi,463,2024-09-14
621,1148,WH_Bangalore,81,2024-10-10
622,1249,WH_Kolkata,372,2024-04-04
623,1179,WH_Bangalore,444,2024-08-14
624,1860,WH_Delhi,416,2023-07-02
625,1407,WH_Bangalore,34,2023-03-15
626,1867,WH_Mumbai,474,2023-10-01
627,1821,WH_Mumbai,240,2024-02-09
628,1154,WH_Bangalore,210,2024-10-03
629,1312,WH_Mumbai,349,2023-03-11
630,1258,WH_Bangalore,137,2023-01-29
631,1866,WH_Kolkata,206,2024-02-24
632,1443,WH_Mumbai,466,2023-12-14
633,1191,WH_Bangalore,16,2023-06-16
634,1079,WH_Mumbai,296,2024-03-03
635,1373,WH_Delhi,70,2023-06-08
636,1259,WH_Kolkata,58,2023-03-11
637,1701,WH_Delhi,165,2023-02-11
638,1332,WH_Delhi,188,2024-06-29
639,1933,WH_Mumbai,172,2023-07-03
640,1728,WH_Delhi,332,2023-07-19
641,1773,WH_Bangalore,232,2023-08-06
642,1702,WH_Bangalore,482,2023-12-20
643,1455,WH_Kolkata,204,2024-06-14
644,1754,WH_Bangalore,226,2024-04-17
645,1137,WH_Kolkata,361,2023-04-09
646,1304,WH_Bangalore,349,2024-11-16
647,1120,WH_Kolkata,285,2024-05-19
648,1933,WH_Mumbai,318,2024-08-15
649,1085,WH_Kolkata,434,2023-04-21
650,1256,WH_Kolkata,394,2023-08-14
651,1137,WH_Mumbai,329,2023-08-23
652,1738,WH_Delhi,416,2024-04-21
653,1628,WH_Bangalore,115,2024-05-24
654,1370,WH_Kolkata,335,2023-12-02
655,1288,WH_Kolkata,201,2024-01-10
656,1776,WH_Mumbai,33,2023-12-17
657,1771,WH_Bangalore,285,2023-11-28
658,1734,WH_Bangalore,102,2024-05-19
659,1954,WH_Mumbai,227,2023-10-04
660,1838,WH_Mumbai,427,2023-03-25
661,1994,WH_Bangalore,415,2024-09-30
662,1582,WH_Bangalore,37,2023-11-18
663,1451,WH_Bangalore,21,2023-12-14
664,1823,WH_Bangalore,468,2024-01-05
665,1578,WH_Mumbai,155,2023-11-16
666,1659,WH_Kolkata,18,2023-03-11
667,1147,WH_Mumbai,132,2023-12-15
668,1684,WH_Delhi,112,2023-03-28
669,1905,WH_Kolkata,334,2024-08-08
670,1727,WH_Bangalore,231,2023-07-15
671,1904,WH_Bangalore,113,2023-04-19
672,1356,WH_Delhi,110,2023-07-15
673,1595,WH_Kolkata,477,2023-09-14
674,1149,WH_Mumbai,270,2024-06-21
675,1512,WH_Delhi,29,2023-07-17
676,1224,WH_Bangalore,108,2023-11-16
677,1555,WH_Delhi,38,2023-05-10
678,1253,WH_Mumbai,291,2023-04-01
679,1167,WH_Kolkata,457,2023-02-10
680,1941,WH_Bangalore,376,2023-03-01
681,1791,WH_Mumbai,295,2024-05-31
682,1191,WH_Kolkata,330,2024-11-17
683,1312,WH_Bangalore,145,2023-08-02
684,1350,WH_Delhi,22,2023-04-05
685,1185,WH_Kolkata,312,2024-08-29
686,1542,WH_Delhi,202,2023-06-08
687,1201,WH_Mumbai,415,2024-06-23
688,1250,WH_Kolkata,232,2023-04-28
689,1254,WH_Bangalore,57,2023-04-18
690,1664,WH_Kolkata,9,2024-07-15
691,1701,WH_Delhi,495,2024-05-29
692,1993,WH_Bangalore,61,2024-11-25
693,1197,WH_Mumbai,125,2024-03-28
694,1561,WH_Bangalore,94,2023-12-05
695,1385,WH_Bangalore,339,2023-01-07
696,1635,WH_Bangalore,120,2023-12-18
697,1094,WH_Bangalore,413,2023-12-03
698,1530,WH_Mumbai,196,2024-07-18
699,1015,WH_Delhi,394,2023-08-02
700,1512,WH_Delhi,408,2023-09-25
701,1703,WH_Delhi,6,2023-11-02
702,1698,WH_Kolkata,28,2023-10-05
703,1598,WH_Kolkata,62,2023-06-11
704,1431,WH_Mumbai,146,2023-12-21
705,1458,WH_Kolkata,289,2024-05-31
706,1756,WH_Bangalore,54,2023-07-22
707,1368,WH_Kolkata,295,2023-02-02
708,1716,WH_Delhi,404,2023-08-18
709,1676,WH_Delhi,173,2023-07-02
710,1640,WH_Kolkata,184,2023-01-11
711,1544,WH_Delhi,291,2023-08-13
712,1938,WH_Bangalore,474,2023-03-13
713,1957,WH_Delhi,499,2024-11-20
714,1351,WH_Kolkata,356,2024-10-04
715,1483,WH_Mumbai,56,2023-10-11
716,1467,WH_Mumbai,391,2024-05-14
717,1626,WH_Delhi,144,2023-11-13
718,1571,WH_Mumbai,406,2024-09-09
719,1994,WH_Kolkata,67,2024-11-02
720,1535,WH_Mumbai,113,2023-06-26
721,1311,WH_Mumbai,140,2023-07-19
722,1312,WH_Kolkata,120,2024-04-08
723,1601,WH_Mumbai,144,2024-05-24
724,1144,WH_Kolkata,247,2023-10-23
725,1009,WH_Mumbai,93,2024-12-01
726,1868,WH_Kolkata,301,2023-06-14
727,1959,WH_Kolkata,239,2024-02-07
728,1630,WH_Kolkata,391,2024-09-27
729,1478,WH_Kolkata,451,2023-09-29
730,1066,WH_Mumbai,138,2024-09-20
731,1668,WH_Delhi,487,2023-03-23
732,1616,WH_Delhi,161,2024-06-26
733,1364,WH_Bangalore,91,2023-03-06
734,1480,WH_Mumbai,454,2023-07-31
735,1452,WH_Kolkata,39,2023-09-12
736,1032,WH_Delhi,371,2024-01-06
737,1307,WH_Bangalore,313,2024-02-25
738,1718,WH_Bangalore,239,2023-06-18
739,1959,WH_Bangalore,300,2023-05-27
740,1578,WH_Mumbai,281,2023-05-27
741,1312,WH_Mumbai,170,2023-04-02
742,1765,WH_Mumbai,355,2024-04-09
743,1373,WH_Delhi,431,2023-07-15
744,1786,WH_Kolkata,378,2024-03-21
745,1213,WH_Bangalore,294,2024-03-03
746,1983,WH_Bangalore,161,2024-01-21
747,1548,WH_Mumbai,36,2023-03-07
748,1111,WH_Kolkata,290,2024-10-19
749,1874,WH_Delhi,499,2024-01-17
750,1784,WH_Mumbai,269,2023-11-02
751,1528,WH_Kolkata,186,2024-01-22
752,1486,WH_Bangalore,482,2023-04-13
753,1896,WH_Kolkata,255,2023-02-28
754,1522,WH_Mumbai,29,2024-04-22
755,1894,WH_Bangalore,308,2024-11-15
756,1387,WH_Delhi,67,2023-08-14
757,1817,WH_Mumbai,176,2023-01-28
758,1371,WH_Delhi,173,2024-09-22
759,1895,WH_Mumbai,159,2023-06-16
760,1504,WH_Bangalore,109,2024-05-29
761,1403,WH_Mumbai,352,2024-01-16
762,1901,WH_Bangalore,272,2024-08-04
763,1652,WH_Bangalore,470,2023-05-18
764,1128,WH_Mumbai,91,2023-04-06
765,1597,WH_Bangalore,411,2023-03-03
766,1899,WH_Bangalore,274,2024-07-15
767,1848,WH_Delhi,195,2024-08-03
768,1489,WH_Mumbai,43,2023-09-05
769,1115,WH_Kolkata,126,2023-07-02
770,1349,WH_Delhi,343,2023-04-22
771,1655,WH_Kolkata,389,2024-09-29
772,1494,WH_Bangalore,415,2024-11-10
773,1861,WH_Kolkata,90,2023-10-07
774,1377,WH_Mumbai,110,2024-06-28
775,1148,WH_Kolkata,474,2024-03-15
776,1780,WH_Delhi,458,2023-08-19
777,1004,WH_Delhi,142,2023-12-05
778,1223,WH_Delhi,319,2023-09-27
779,1410,WH_Delhi,428,2023-05-13
780,1294,WH_Kolkata,263,2023-12-12
781,1155,WH_Delhi,320,2023-06-23
782,1452,WH_Mumbai,334,2023-01-08
783,1717,WH_Bangalore,24,2024-01-19
784,1138,WH_Kolkata,317,2023-08-27
785,1094,WH_Bangalore,360,2024-10-11
786,1326,WH_Bangalore,483,2023-07-12
787,1477,WH_Bangalore,83,2023-04-20
788,1228,WH_Bangalore,293,2024-07-13
789,1892,WH_Delhi,281,2024-11-29
790,1687,WH_Delhi,407,2023-11-15
791,1971,WH_Kolkata,248,2023-12-23
792,1234,WH_Mumbai,123,2023-08-25
793,1691,WH_Delhi,284,2023-11-19
794,1476,WH_Kolkata,106,2023-02-23
795,1660,WH_Kolkata,300,2024-09-20
796,1508,WH_Mumbai,312,2024-11-03
797,1825,WH_Mumbai,9,2023-01-30
798,1200,WH_Kolkata,450,2024-10-24
799,1741,WH_Bangalore,236,2023-03-11
800,1523,WH_Mumbai,246,2023-03-31
801,1590,WH_Mumbai,150,2024-06-24
802,1851,WH_Delhi,90,2023-05-24
803,1030,WH_Kolkata,467,2023-05-30
804,1728,WH_Kolkata,10,2023-10-01
805,1049,WH_Mumbai,406,2024-03-26
806,1709,WH_Delhi,303,2023-09-07
807,1011,WH_Mumbai,244,2024-04-25
808,1894,WH_Delhi,253,2023-06-18
809,1358,WH_Delhi,475,2023-03-10
810,1002,WH_Bangalore,470,2024-11-30
811,1177,WH_Delhi,136,2024-01-28
812,1953,WH_Kolkata,215,2024-06-04
813,1146,WH_Mumbai,18,2024-10-10
814,1352,WH_Delhi,65,2023-02-17
815,1368,WH_Mumbai,189,2023-05-05
816,1661,WH_Delhi,143,2024-03-16
817,1825,WH_Kolkata,293,2023-02-18
818,1432,WH_Delhi,397,2023-12-03
819,1705,WH_Kolkata,386,2023-01-04
820,1391,WH_Kolkata,415,2023-09-12
821,1587,WH_Bangalore,297,2024-02-11
822,1641,WH_Bangalore,260,2023-11-21
823,1525,WH_Kolkata,46,2024-01-09
824,1754,WH_Delhi,99,2023-10-01
825,1287,WH_Delhi,224,2023-09-03
826,1899,WH_Mumbai,476,2023-05-24
827,1641,WH_Bangalore,344,2024-04-10
828,1313,WH_Bangalore,374,2024-02-04
829,1707,WH_Kolkata,408,2024-08-12
830,1124,WH_Delhi,0,2024-01-17
831,1898,WH_Delhi,188,2024-01-09
832,1349,WH_Mumbai,329,2023-06-10
833,1021,WH_Bangalore,21,2023-08-22
834,1244,WH_Kolkata,57,2024-09-05
835,1476,WH_Bangalore,392,2023-01-09
836,1138,WH_Mumbai,266,2023-03-26
837,1948,WH_Kolkata,316,2024-01-16
838,1114,WH_Mumbai,498,2024-07-22
839,1029,WH_Mumbai,57,2023-03-26
840,1944,WH_Delhi,350,2024-04-22
841,1659,WH_Mumbai,206,2023-08-21
842,1085,WH_Delhi,130,2024-11-30
843,1316,WH_Kolkata,33,2023-08-03
844,1521,WH_Bangalore,237,2023-11-26
845,1876,WH_Bangalore,30,2024-03-08
846,1734,WH_Bangalore,111,2023-11-07
847,1155,WH_Bangalore,69,2024-03-31
848,1313,WH_Delhi,162,2023-11-09
849,1713,WH_Mumbai,485,2023-03-20
850,1481,WH_Delhi,333,2024-04-29
851,1882,WH_Mumbai,322,2024-11-20
852,1145,WH_Delhi,472,2023-03-22
853,1920,WH_Delhi,16,2024-06-20
854,1529,WH_Bangalore,148,2023-10-26
855,1813,WH_Kolkata,197,2023-07-12
856,1251,WH_Mumbai,244,2024-02-22
857,1828,WH_Mumbai,313,2024-01-03
858,1060,WH_Bangalore,155,2023-02-15
859,1462,WH_Mumbai,51,2024-07-28
860,1004,WH_Delhi,349,2023-12-25
861,1287,WH_Delhi,300,2023-12-20
862,1806,WH_Delhi,269,2024-11-13
863,1187,WH_Delhi,0,2024-05-25
864,1136,WH_Bangalore,198,2024-05-08
865,1534,WH_Delhi,435,2023-07-06
866,1691,WH_Mumbai,415,2023-02-18
867,1536,WH_Kolkata,96,2023-04-07
868,1972,WH_Kolkata,302,2023-12-13
869,1596,WH_Delhi,301,2023-09-24
870,1476,WH_Mumbai,50,2024-08-22
871,1914,WH_Delhi,102,2024-10-16
872,1094,WH_Bangalore,232,2024-12-01
873,1636,WH_Kolkata,300,2024-07-05
874,1387,WH_Delhi,409,2024-08-22
875,1383,WH_Bangalore,355,2023-11-17
876,1854,WH_Mumbai,108,2024-03-31
877,1197,WH_Mumbai,430,2023-11-06
878,1291,WH_Kolkata,109,2024-09-24
879,1940,WH_Delhi,108,2024-07-14
880,1680,WH_Delhi,233,2023-06-21
881,1508,WH_Bangalore,162,2023-11-01
882,1944,WH_Mumbai,297,2023-10-31
883,1377,WH_Bangalore,373,2024-06-18
884,1660,WH_Bangalore,34,2023-09-09
885,1233,WH_Delhi,286,2024-08-16
886,1486,WH_Mumbai,265,2023-06-18
887,1417,WH_Delhi,14,2023-05-11
888,1024,WH_Mumbai,379,2023-01-19
889,1500,WH_Mumbai,235,2024-06-02
890,1739,WH_Delhi,127,2023-01-04
891,1106,WH_Mumbai,124,2024-05-27
892,1229,WH_Mumbai,393,2024-06-07
893,1452,WH_Mumbai,298,2024-08-18
894,1772,WH_Delhi,232,2024-10-18
895,2000,WH_Delhi,144,2024-05-27
896,1631,WH_Delhi,309,2024-02-14
897,1290,WH_Kolkata,146,2024-10-20
898,1582,WH_Delhi,115,2023-10-09
899,1375,WH_Mumbai,358,2024-01-03
900,1572,WH_Delhi,294,2023-07-31
901,1148,WH_Bangalore,189,2024-08-25
902,1999,WH_Bangalore,444,2023-05-27
903,1897,WH_Delhi,467,2023-12-04
904,1059,WH_Delhi,270,2024-10-15
905,1970,WH_Bangalore,432,2024-06-30
906,1974,WH_Delhi,336,2024-05-24
907,1953,WH_Kolkata,453,2024-06-08
908,1208,WH_Bangalore,174,2024-05-09
909,1721,WH_Mumbai,153,2023-09-06
910,1504,WH_Bangalore,108,2024-06-29
911,1740,WH_Kolkata,131,2023-11-20
912,1217,WH_Mumbai,310,2024-03-16
913,1902,WH_Bangalore,282,2024-03-08
914,1602,WH_Delhi,338,2024-08-27
915,1545,WH_Bangalore,352,2024-03-29
916,1425,WH_Mumbai,448,2024-04-04
917,1234,WH_Kolkata,137,2024-02-20
918,1613,WH_Delhi,470,2024-01-31
919,1194,WH_Mumbai,155,2024-08-11
920,1640,WH_Bangalore,104,2023-11-01
921,1840,WH_Kolkata,87,2024-03-26
922,1707,WH_Bangalore,394,2023-06-05
923,1998,WH_Mumbai,355,2023-09-28
924,1495,WH_Bangalore,395,2023-09-15
925,1062,WH_Mumbai,320,2023-08-13
926,1477,WH_Kolkata,436,2023-09-29
927,1135,WH_Kolkata,357,2023-05-08
928,1138,WH_Kolkata,67,2023-11-20
929,1783,WH_Kolkata,344,2023-01-29
930,1903,WH_Bangalore,94,2024-11-30
931,1843,WH_Mumbai,10,2023-02-02
932,1901,WH_Delhi,252,2023-11-02
933,1908,WH_Mumbai,298,2023-02-09
934,1132,WH_Bangalore,133,2024-11-07
935,1039,WH_Delhi,468,2023-05-12
936,1479,WH_Mumbai,417,2023-02-21
937,1295,WH_Kolkata,351,2024-04-29
938,1837,WH_Delhi,295,2024-01-12
939,1478,WH_Delhi,392,2023-05-18
940,1002,WH_Mumbai,72,2023-05-18
941,1497,WH_Bangalore,280,2023-09-10
942,1361,WH_Bangalore,308,2024-08-02
943,1730,WH_Delhi,155,2024-02-23
944,1848,WH_Delhi,488,2024-06-01
945,1558,WH_Mumbai,192,2023-12-11
946,1708,WH_Bangalore,178,2023-06-04
947,1748,WH_Delhi,245,2024-10-02
948,1405,WH_Mumbai,90,2023-11-02
949,1205,WH_Mumbai,177,2023-02-18
950,1834,WH_Mumbai,62,2023-09-26
951,1184,WH_Kolkata,196,2024-04-17
952,1599,WH_Kolkata,496,2024-06-17
953,1255,WH_Kolkata,494,2024-11-18
954,1285,WH_Mumbai,222,2024-07-11
955,1793,WH_Bangalore,330,2024-03-31
956,1159,WH_Kolkata,105,2023-03-10
957,1614,WH_Kolkata,229,2023-12-08
958,1579,WH_Bangalore,63,2023-02-20
959,1746,WH_Bangalore,365,2023-01-26
960,1676,WH_Delhi,471,2023-01-04
961,1941,WH_Delhi,140,2023-12-05
962,1037,WH_Mumbai,327,2023-11-30
963,1088,WH_Delhi,226,2024-01-12
964,1815,WH_Delhi,372,2023-01-06
965,1127,WH_Kolkata,5,2023-03-29
966,1566,WH_Delhi,412,2023-10-20
967,1568,WH_Kolkata,409,2024-08-10
968,1878,WH_Delhi,483,2023-07-23
969,1433,WH_Mumbai,424,2023-03-03
970,1182,WH_Kolkata,248,2023-08-03
971,1742,WH_Kolkata,422,2023-10-28
972,1711,WH_Bangalore,154,2023-01-25
973,1144,WH_Delhi,429,2024-06-21
974,1581,WH_Bangalore,467,2023-07-16
975,1469,WH_Kolkata,129,2023-07-04
976,1191,WH_Delhi,0,2024-10-07
977,1638,WH_Kolkata,209,2024-03-06
978,1044,WH_Bangalore,45,2024-11-10
979,1904,WH_Mumbai,19,2023-03-28
980,1186,WH_Bangalore,338,2023-03-04
981,1072,WH_Mumbai,92,2023-09-11
982,1772,WH_Mumbai,331,2023-06-25
983,1680,WH_Mumbai,205,2023-06-21
984,1816,WH_Mumbai,393,2024-10-01
985,1735,WH_Kolkata,77,2024-09-26
986,1637,WH_Mumbai,447,2023-05-01
987,1571,WH_Kolkata,485,2024-10-11
988,1826,WH_Delhi,28,2024-05-23
989,1176,WH_Mumbai,171,2023-12-12
990,1246,WH_Delhi,363,2024-04-13
991,1646,WH_Delhi,278,2023-11-22
992,1465,WH_Delhi,479,2024-07-06
993,1702,WH_Bangalore,454,2024-07-29
994,1633,WH_Delhi,216,2023-08-21
995,1399,WH_Mumbai,143,2023-03-26
996,1764,WH_Delhi,306,2024-07-07
997,1618,WH_Mumbai,235,2023-11-13
998,1946,WH_Bangalore,130,2023-02-18
999,1204,WH_Delhi,474,2024-11-23
1000,1363,WH_Mumbai,343,2023-11-01
