return_id,order_id,return_date,reason,refund_amount
9001,5548,2024-09-25,Wrong Item,1665
9002,5413,2023-05-07,Damaged,182
9003,5564,2023-06-04,Customer Dissatisfaction,1869
9004,5923,2023-07-01,Wrong Item,119
9005,5960,2024-04-22,Wrong Item,2814
9006,5407,2023-07-12,Defective,2201
9007,5435,2023-03-24,Damaged,1803
9008,5102,2023-02-03,Customer Dissatisfaction,1076
9009,5664,2023-07-09,Wrong Item,1365
9010,5516,2023-01-24,Wrong Item,2695
9011,5139,2024-06-11,Damaged,2805
9012,5856,2023-11-14,Customer Dissatisfaction,1268
9013,5766,2023-08-06,Damaged,2825
9014,5198,2024-01-31,Customer Dissatisfaction,1401
9015,5255,2024-05-16,Wrong Item,2646
9016,5319,2023-08-01,Customer Dissatisfaction,2159
9017,5916,2023-02-26,Wrong Item,2658
9018,5764,2024-11-25,Damaged,1175
9019,5012,2023-10-29,Damaged,1070
9020,5590,2023-01-15,Customer Dissatisfaction,2647
9021,5924,2024-11-23,Customer Dissatisfaction,2498
9022,5500,2024-05-03,Defective,2176
9023,5814,2023-03-14,Customer Dissatisfaction,2428
9024,5686,2024-01-16,Damaged,2359
9025,5523,2024-08-08,Wrong Item,1357
9026,5141,2024-08-14,Defective,852
9027,5569,2024-05-20,Damaged,608
9028,5311,2024-07-22,Damaged,131
9029,5579,2023-04-25,Wrong Item,1231
9030,5220,2024-07-31,Customer Dissatisfaction,1846
9031,5013,2024-03-23,Customer Dissatisfaction,1499
9032,5602,2023-08-31,Wrong Item,584
9033,5790,2024-07-23,Customer Dissatisfaction,1216
9034,5709,2024-11-14,Wrong Item,2603
9035,5948,2023-08-21,Defective,2468
9036,5399,2023-11-04,Wrong Item,934
9037,5633,2023-05-19,Customer Dissatisfaction,874
9038,5647,2024-01-04,Customer Dissatisfaction,1541
9039,5924,2024-02-23,Defective,2274
9040,5211,2024-09-23,Wrong Item,227
9041,5190,2023-03-30,Wrong Item,2305
9042,5782,2023-01-14,Customer Dissatisfaction,1279
9043,5352,2023-05-09,Defective,1352
9044,5888,2023-05-21,Defective,1903
9045,5892,2024-10-17,Defective,2473
9046,5138,2023-10-07,Damaged,2004
9047,5284,2023-04-07,Defective,2275
9048,5347,2023-10-30,Damaged,986
9049,5250,2023-02-02,Wrong Item,2779
9050,5687,2023-10-30,Defective,1448
9051,5078,2024-04-22,Customer Dissatisfaction,1159
9052,5316,2023-01-08,Defective,1670
9053,5532,2023-05-01,Customer Dissatisfaction,1463
9054,5892,2024-11-04,Defective,618
9055,5711,2023-12-13,Damaged,364
9056,5646,2024-03-10,Defective,429
9057,5555,2023-12-25,Defective,842
9058,5180,2024-11-29,Damaged,1538
9059,5406,2023-04-26,Damaged,1485
9060,5410,2024-01-07,Customer Dissatisfaction,961
9061,5563,2023-09-15,Defective,2280
9062,5100,2023-05-09,Damaged,1472
9063,5914,2024-06-24,Defective,2528
9064,5867,2024-08-13,Damaged,759
9065,5092,2023-01-27,Defective,2875
9066,5715,2023-05-24,Defective,635
9067,5713,2024-08-10,Wrong Item,583
9068,5545,2024-04-24,Wrong Item,2332
9069,5840,2023-11-19,Defective,2715
9070,5252,2023-03-02,Damaged,2057
9071,5329,2024-02-14,Defective,1834
9072,5158,2023-09-15,Customer Dissatisfaction,2922
9073,5835,2024-02-06,Damaged,1050
9074,5392,2023-12-14,Wrong Item,193
9075,5966,2024-08-13,Customer Dissatisfaction,1152
9076,5331,2023-02-25,Wrong Item,2785
9077,5282,2024-01-08,Defective,1146
9078,5683,2024-08-15,Customer Dissatisfaction,520
9079,5436,2023-01-25,Defective,658
9080,5350,2024-02-19,Customer Dissatisfaction,389
9081,5419,2024-03-29,Customer Dissatisfaction,1351
9082,5315,2023-03-07,Customer Dissatisfaction,2401
9083,5999,2024-07-28,Damaged,993
9084,5475,2024-10-21,Damaged,650
9085,5529,2023-12-23,Damaged,641
9086,5607,2024-06-13,Damaged,2912
9087,5618,2024-07-06,Wrong Item,1422
9088,5555,2024-08-12,Damaged,1012
9089,5971,2024-07-01,Defective,1427
9090,5719,2024-08-09,Customer Dissatisfaction,2055
9091,5625,2024-04-25,Customer Dissatisfaction,1119
9092,5148,2024-02-11,Defective,934
9093,5938,2024-07-15,Defective,1930
9094,5839,2024-02-08,Defective,2539
9095,5653,2023-03-27,Customer Dissatisfaction,1379
9096,5142,2024-01-26,Customer Dissatisfaction,772
9097,5460,2024-09-02,Customer Dissatisfaction,1407
9098,5041,2024-01-07,Customer Dissatisfaction,2031
9099,5777,2023-07-19,Customer Dissatisfaction,1106
9100,5548,2023-03-24,Damaged,251
9101,5791,2023-10-12,Customer Dissatisfaction,2872
9102,5020,2024-05-30,Wrong Item,637
9103,5594,2023-07-22,Customer Dissatisfaction,2025
9104,5381,2024-05-15,Wrong Item,1412
9105,5627,2024-11-05,Defective,691
9106,5242,2024-10-27,Damaged,2356
9107,5504,2023-09-13,Wrong Item,1631
9108,5715,2023-02-19,Damaged,2330
9109,5267,2024-05-01,Defective,2149
9110,5864,2023-06-07,Wrong Item,1796
9111,5803,2023-03-08,Wrong Item,1246
9112,5525,2024-11-26,Damaged,1878
9113,5191,2023-11-04,Defective,204
9114,5192,2024-01-10,Damaged,1827
9115,5412,2023-06-05,Defective,1806
9116,5875,2024-08-26,Wrong Item,510
9117,5607,2024-03-05,Wrong Item,2971
9118,5586,2023-07-08,Damaged,2857
9119,5114,2024-01-14,Wrong Item,592
9120,5172,2024-03-24,Damaged,1874
9121,5642,2024-05-08,Customer Dissatisfaction,1465
9122,5827,2024-03-19,Damaged,260
9123,5231,2023-11-05,Customer Dissatisfaction,1072
9124,5028,2024-01-04,Damaged,1808
9125,5065,2024-11-15,Wrong Item,2920
9126,5206,2023-09-14,Wrong Item,2766
9127,5132,2023-10-28,Customer Dissatisfaction,2720
9128,5871,2023-02-16,Wrong Item,2841
9129,5369,2024-11-29,Defective,189
9130,5688,2023-07-15,Defective,1150
9131,5088,2024-06-14,Defective,553
9132,5728,2023-11-05,Customer Dissatisfaction,2006
9133,5631,2023-10-26,Customer Dissatisfaction,2371
9134,5743,2023-02-07,Customer Dissatisfaction,2197
9135,5382,2024-04-02,Defective,810
9136,5069,2023-03-14,Customer Dissatisfaction,2886
9137,5858,2023-04-19,Customer Dissatisfaction,374
9138,5868,2023-08-16,Wrong Item,1150
9139,5076,2023-07-05,Wrong Item,2261
9140,5798,2023-10-09,Damaged,2658
9141,5702,2023-01-30,Damaged,1968
9142,5559,2024-06-23,Customer Dissatisfaction,269
9143,5410,2023-09-16,Defective,1723
9144,5948,2024-03-11,Defective,877
9145,5565,2024-01-26,Damaged,1268
9146,5622,2023-02-16,Customer Dissatisfaction,882
9147,5013,2024-05-06,Defective,1942
9148,5344,2024-02-01,Damaged,2305
9149,5565,2024-05-06,Customer Dissatisfaction,1133
9150,5437,2023-12-31,Wrong Item,2257
9151,5211,2023-06-02,Customer Dissatisfaction,2975
9152,5408,2024-06-15,Defective,693
9153,5310,2023-05-13,Defective,1582
9154,5775,2024-07-21,Defective,2385
9155,5953,2023-03-27,Defective,545
9156,5287,2023-07-09,Wrong Item,1564
9157,5855,2024-11-17,Defective,1482
9158,5915,2023-10-25,Damaged,2939
9159,5593,2023-08-16,Wrong Item,297
9160,5445,2024-01-12,Damaged,2273
9161,5661,2023-11-13,Defective,1926
9162,5778,2023-06-19,Customer Dissatisfaction,2874
9163,5039,2024-03-18,Damaged,796
9164,5695,2023-09-02,Damaged,1558
9165,5405,2024-11-25,Customer Dissatisfaction,169
9166,5577,2023-09-29,Damaged,1542
9167,5479,2023-10-18,Defective,1275
9168,5434,2024-09-06,Defective,790
9169,5802,2024-10-30,Damaged,1943
9170,5893,2024-01-08,Damaged,2844
9171,5809,2023-05-13,Damaged,2389
9172,5623,2023-01-10,Wrong Item,2172
9173,5036,2024-06-06,Wrong Item,845
9174,5775,2023-03-22,Defective,788
9175,5297,2023-07-03,Wrong Item,474
9176,5127,2023-04-19,Defective,796
9177,5864,2024-09-30,Wrong Item,1763
9178,5213,2023-12-07,Wrong Item,1284
9179,5814,2024-05-13,Defective,1951
9180,5462,2024-02-18,Damaged,355
9181,5258,2024-02-18,Damaged,1885
9182,5770,2023-04-03,Customer Dissatisfaction,468
9183,5605,2024-06-09,Damaged,1586
9184,5593,2023-09-08,Customer Dissatisfaction,1930
9185,5645,2024-11-07,Customer Dissatisfaction,2363
9186,5631,2023-12-09,Customer Dissatisfaction,1788
9187,5047,2023-03-06,Defective,876
9188,5161,2023-01-16,Customer Dissatisfaction,1741
9189,5292,2024-08-11,Defective,2287
9190,5646,2024-03-02,Damaged,266
9191,5959,2024-07-09,Wrong Item,558
9192,5176,2024-02-06,Defective,447
9193,5694,2023-05-10,Damaged,2762
9194,5728,2024-10-22,Wrong Item,774
9195,5164,2023-09-28,Customer Dissatisfaction,122
9196,5479,2024-04-17,Damaged,2012
9197,5433,2024-10-20,Wrong Item,2414
9198,5225,2023-02-09,Damaged,2428
9199,5203,2024-03-29,Wrong Item,672
9200,5211,2023-11-30,Customer Dissatisfaction,752
9201,5515,2023-04-22,Damaged,253
9202,5277,2023-10-23,Customer Dissatisfaction,637
9203,5230,2023-11-20,Defective,1071
9204,5065,2023-12-05,Wrong Item,617
9205,5081,2024-09-09,Wrong Item,2708
9206,5797,2023-05-25,Customer Dissatisfaction,1576
9207,5829,2024-04-21,Wrong Item,2830
9208,5611,2024-01-20,Defective,132
9209,5645,2023-04-13,Damaged,901
9210,5555,2024-11-16,Defective,683
9211,5337,2023-01-27,Wrong Item,1057
9212,5680,2024-04-05,Customer Dissatisfaction,929
9213,5512,2024-04-24,Defective,2751
9214,5008,2023-11-24,Wrong Item,321
9215,5547,2023-07-15,Damaged,2906
9216,5505,2023-09-07,Customer Dissatisfaction,207
9217,5753,2024-07-11,Defective,131
9218,5161,2024-11-06,Defective,2164
9219,5726,2023-07-18,Defective,2733
9220,5112,2024-05-31,Defective,2054
9221,5901,2023-04-02,Wrong Item,2798
9222,5815,2023-08-25,Damaged,449
9223,5439,2024-02-14,Defective,2100
9224,5692,2024-07-08,Damaged,870
9225,5543,2024-09-29,Defective,1895
9226,5569,2024-06-29,Wrong Item,2321
9227,5781,2023-11-19,Damaged,2072
9228,5587,2024-02-08,Customer Dissatisfaction,610
9229,5056,2024-05-21,Damaged,777
9230,5824,2024-06-04,Wrong Item,1955
9231,5779,2023-02-27,Damaged,2889
9232,5297,2023-05-30,Wrong Item,1221
9233,5221,2023-05-28,Wrong Item,2405
9234,5094,2024-05-09,Wrong Item,778
9235,5534,2023-09-22,Wrong Item,936
9236,5578,2023-03-09,Wrong Item,1348
9237,5195,2024-01-16,Defective,2185
9238,5667,2024-02-26,Damaged,1905
9239,5769,2024-10-09,Defective,187
9240,5033,2024-06-26,Customer Dissatisfaction,611
9241,5089,2023-04-22,Wrong Item,2469
9242,5679,2024-01-30,Wrong Item,2703
9243,5235,2024-04-24,Customer Dissatisfaction,1443
9244,5543,2023-03-24,Damaged,2685
9245,5546,2023-03-27,Defective,1808
9246,5039,2024-04-03,Damaged,326
9247,5205,2023-06-14,Wrong Item,657
9248,5947,2023-01-13,Wrong Item,2293
9249,5748,2024-02-22,Damaged,1544
9250,5664,2024-05-20,Damaged,1751
9251,5464,2023-07-21,Wrong Item,870
9252,5664,2024-08-14,Defective,155
9253,5013,2023-05-28,Defective,1213
9254,5670,2024-05-21,Damaged,814
9255,5887,2023-01-30,Damaged,1358
9256,5978,2023-07-22,Customer Dissatisfaction,1124
9257,5871,2024-08-10,Defective,1102
9258,5925,2024-11-13,Customer Dissatisfaction,297
9259,5015,2024-04-24,Customer Dissatisfaction,2340
9260,5252,2024-04-16,Damaged,162
9261,5907,2023-02-01,Damaged,145
9262,5296,2023-01-11,Damaged,113
9263,5191,2023-05-10,Customer Dissatisfaction,1898
9264,5141,2023-05-26,Wrong Item,135
9265,5706,2023-10-15,Wrong Item,713
9266,5135,2023-03-28,Wrong Item,290
9267,5577,2024-04-12,Defective,2154
9268,5427,2024-09-11,Damaged,921
9269,5630,2023-03-06,Defective,1572
9270,5244,2023-08-20,Defective,417
9271,5327,2023-07-21,Damaged,2850
9272,5808,2023-11-24,Wrong Item,1321
9273,5943,2023-01-25,Customer Dissatisfaction,1633
9274,5579,2024-09-24,Customer Dissatisfaction,2437
9275,5345,2023-09-26,Customer Dissatisfaction,1780
9276,5790,2023-05-10,Wrong Item,1026
9277,5237,2023-07-09,Damaged,2794
9278,5941,2023-11-14,Damaged,1407
9279,5644,2023-08-21,Wrong Item,256
9280,5209,2024-08-10,Wrong Item,743
9281,5123,2023-11-01,Damaged,995
9282,5955,2024-05-13,Damaged,2373
9283,5666,2023-02-03,Damaged,496
9284,5533,2024-11-04,Defective,1431
9285,5978,2024-03-14,Damaged,2729
9286,5728,2024-02-17,Wrong Item,770
9287,5400,2024-03-22,Wrong Item,2536
9288,5761,2024-08-19,Customer Dissatisfaction,1436
9289,5018,2024-03-04,Damaged,2190
9290,5545,2024-08-02,Customer Dissatisfaction,1808
9291,5598,2023-12-21,Damaged,2869
9292,5626,2023-10-29,Defective,1056
9293,5786,2024-11-28,Wrong Item,467
9294,5680,2024-06-14,Customer Dissatisfaction,1209
9295,5700,2024-11-09,Customer Dissatisfaction,1696
9296,5865,2023-08-29,Wrong Item,885
9297,5492,2024-07-05,Customer Dissatisfaction,2596
9298,5347,2023-06-23,Customer Dissatisfaction,536
9299,5781,2024-11-29,Damaged,867
9300,5290,2024-04-26,Damaged,2040
9301,5717,2024-09-17,Damaged,884
9302,5925,2024-02-12,Defective,2871
9303,5210,2023-04-25,Defective,2341
9304,5454,2023-11-09,Customer Dissatisfaction,110
9305,5349,2024-05-17,Wrong Item,937
9306,5251,2023-06-21,Customer Dissatisfaction,2611
9307,5156,2023-11-18,Customer Dissatisfaction,1387
9308,5534,2024-10-31,Customer Dissatisfaction,1929
9309,5917,2023-04-13,Defective,1655
9310,5686,2024-11-16,Wrong Item,855
9311,5592,2023-10-24,Wrong Item,2899
9312,5839,2024-10-25,Wrong Item,2860
9313,5032,2024-03-13,Damaged,727
9314,5169,2023-01-14,Damaged,2525
9315,5506,2024-11-23,Wrong Item,2768
9316,5242,2023-11-24,Damaged,677
9317,5096,2024-01-13,Damaged,2380
9318,5121,2023-10-15,Wrong Item,1177
9319,5555,2023-01-03,Wrong Item,213
9320,5288,2023-06-21,Defective,1328
9321,5101,2024-07-11,Wrong Item,2168
9322,5976,2024-03-30,Wrong Item,686
9323,5648,2024-11-25,Defective,1087
9324,5225,2023-09-15,Customer Dissatisfaction,2619
9325,5309,2024-09-01,Wrong Item,1258
9326,5861,2023-07-09,Defective,2356
9327,5931,2023-09-20,Wrong Item,1179
9328,5849,2023-03-22,Customer Dissatisfaction,1099
9329,5631,2024-11-14,Damaged,2384
9330,5182,2023-01-18,Damaged,1300
9331,5434,2023-06-08,Defective,1406
9332,5604,2024-06-28,Customer Dissatisfaction,144
9333,5964,2024-01-25,Damaged,2708
9334,5492,2023-05-16,Damaged,1453
9335,5159,2023-01-06,Defective,240
9336,5544,2023-12-09,Damaged,511
9337,5636,2023-08-10,Customer Dissatisfaction,679
9338,5260,2024-03-13,Customer Dissatisfaction,1625
9339,5584,2024-04-24,Damaged,1713
9340,5890,2023-05-10,Wrong Item,2995
9341,5334,2024-03-02,Damaged,870
9342,5747,2023-09-15,Defective,1147
9343,5023,2024-10-11,Customer Dissatisfaction,2460
9344,5690,2024-11-02,Damaged,1924
9345,5591,2023-04-11,Customer Dissatisfaction,1927
9346,5619,2024-01-27,Wrong Item,2124
9347,5366,2023-08-22,Wrong Item,262
9348,5140,2023-02-03,Defective,1294
9349,5591,2023-12-27,Damaged,1755
9350,5163,2023-09-25,Wrong Item,1354
9351,5673,2023-02-17,Wrong Item,1392
9352,5883,2024-05-06,Damaged,402
9353,5104,2024-04-25,Customer Dissatisfaction,347
9354,5335,2024-11-05,Damaged,261
9355,5466,2024-05-12,Wrong Item,2590
9356,5104,2024-07-11,Customer Dissatisfaction,1652
9357,5991,2023-03-02,Customer Dissatisfaction,1577
9358,5539,2023-01-12,Damaged,256
9359,5749,2023-08-07,Defective,1836
9360,5135,2024-09-05,Damaged,1014
9361,5450,2023-08-04,Damaged,1836
9362,5153,2024-01-23,Defective,2908
9363,5461,2024-06-27,Defective,1792
9364,5871,2024-10-28,Defective,882
9365,5838,2023-05-18,Defective,1607
9366,5663,2023-04-10,Defective,961
9367,5377,2024-08-27,Customer Dissatisfaction,185
9368,5973,2023-02-24,Customer Dissatisfaction,1845
9369,5365,2023-09-07,Damaged,1155
9370,5434,2023-10-02,Defective,163
9371,5101,2023-01-26,Wrong Item,1284
9372,5883,2024-01-12,Defective,1459
9373,5990,2024-08-11,Defective,1526
9374,5379,2024-03-13,Damaged,1949
9375,5605,2023-02-01,Wrong Item,2172
9376,5752,2024-01-15,Defective,661
9377,5002,2023-04-30,Defective,1848
9378,5022,2023-02-06,Damaged,1224
9379,5697,2024-02-10,Damaged,2211
9380,5030,2024-03-12,Defective,2144
9381,5984,2023-03-18,Defective,1040
9382,5613,2024-06-21,Wrong Item,1319
9383,5664,2024-02-21,Defective,251
9384,5091,2024-06-16,Wrong Item,1744
9385,5341,2023-11-02,Defective,1093
9386,5061,2023-05-07,Wrong Item,455
9387,5510,2024-08-21,Defective,1076
9388,5989,2023-07-27,Customer Dissatisfaction,1758
9389,5522,2024-05-01,Defective,1687
9390,5913,2024-05-06,Customer Dissatisfaction,586
9391,5115,2023-12-14,Wrong Item,2188
9392,5804,2024-04-22,Customer Dissatisfaction,287
9393,5520,2024-07-29,Wrong Item,663
9394,5823,2023-04-13,Wrong Item,392
9395,5256,2023-04-09,Wrong Item,1975
9396,5720,2024-07-23,Defective,1682
9397,5959,2023-06-27,Damaged,2783
9398,5563,2024-09-30,Wrong Item,951
9399,5191,2023-01-06,Wrong Item,1419
9400,5366,2024-01-06,Damaged,1178
9401,5751,2023-11-15,Customer Dissatisfaction,2837
9402,5968,2024-01-30,Customer Dissatisfaction,1211
9403,5082,2024-11-06,Customer Dissatisfaction,3000
9404,5035,2023-10-10,Customer Dissatisfaction,1279
9405,5577,2023-05-01,Customer Dissatisfaction,2939
9406,5743,2024-05-27,Damaged,1498
9407,5308,2024-06-03,Defective,2025
9408,5292,2023-02-05,Damaged,1349
9409,5899,2024-06-15,Defective,812
9410,5044,2023-01-18,Customer Dissatisfaction,2000
9411,5153,2023-12-09,Wrong Item,2973
9412,5107,2023-04-12,Defective,2386
9413,5834,2023-06-19,Customer Dissatisfaction,553
9414,5768,2023-12-11,Damaged,1203
9415,5659,2023-09-27,Wrong Item,2003
9416,5948,2024-07-12,Damaged,571
9417,5378,2024-08-30,Damaged,400
9418,5883,2024-02-26,Damaged,2007
9419,5001,2023-09-02,Damaged,505
9420,5280,2023-08-07,Wrong Item,2707
9421,5889,2024-01-20,Wrong Item,2069
9422,5958,2024-03-18,Wrong Item,2085
9423,5283,2024-07-07,Wrong Item,1455
9424,5807,2023-05-10,Defective,490
9425,5525,2023-06-08,Damaged,2778
9426,5816,2023-07-28,Damaged,1814
9427,5210,2024-01-29,Customer Dissatisfaction,1937
9428,5716,2023-03-20,Customer Dissatisfaction,1245
9429,5565,2024-04-04,Customer Dissatisfaction,1837
9430,5182,2023-04-22,Wrong Item,218
9431,5976,2023-04-04,Wrong Item,1602
9432,5663,2024-11-26,Wrong Item,592
9433,5121,2023-12-06,Customer Dissatisfaction,746
9434,5677,2023-03-02,Defective,1148
9435,5012,2023-04-18,Customer Dissatisfaction,1890
9436,5146,2024-03-16,Damaged,478
9437,5386,2024-05-27,Defective,2264
9438,5676,2023-09-10,Damaged,340
9439,5734,2023-07-14,Wrong Item,1103
9440,5994,2024-04-08,Wrong Item,2844
9441,5359,2024-05-08,Defective,1707
9442,5708,2024-10-16,Wrong Item,2555
9443,5003,2023-09-25,Wrong Item,2467
9444,5034,2024-05-17,Customer Dissatisfaction,2766
9445,5703,2023-09-05,Wrong Item,292
9446,5291,2023-09-11,Damaged,1721
9447,5962,2023-06-03,Damaged,2204
9448,5126,2023-09-20,Damaged,2516
9449,5359,2023-12-27,Defective,2395
9450,5488,2023-10-18,Customer Dissatisfaction,2522
9451,5688,2024-07-12,Damaged,1201
9452,5953,2023-03-31,Damaged,1564
9453,5361,2023-02-25,Wrong Item,1017
9454,5213,2023-04-17,Defective,2065
9455,5369,2024-09-28,Defective,228
9456,5705,2024-08-21,Defective,370
9457,5276,2024-01-30,Defective,1877
9458,5542,2023-03-21,Defective,2448
9459,5285,2024-11-23,Defective,1993
9460,5402,2023-12-06,Defective,687
9461,5136,2024-03-09,Defective,2421
9462,5403,2024-11-05,Wrong Item,2354
9463,5896,2024-03-05,Wrong Item,556
9464,5985,2023-12-20,Customer Dissatisfaction,2515
9465,5205,2024-10-11,Defective,2732
9466,5271,2024-05-20,Wrong Item,1555
9467,5861,2023-03-18,Wrong Item,892
9468,5881,2024-11-11,Defective,2481
9469,5345,2024-05-14,Wrong Item,2793
9470,5658,2023-04-10,Damaged,101
9471,5311,2024-01-05,Customer Dissatisfaction,512
9472,5276,2023-11-16,Wrong Item,1884
9473,5902,2023-06-05,Customer Dissatisfaction,2594
9474,5410,2024-06-30,Defective,1479
9475,5012,2024-08-18,Damaged,2424
9476,5429,2023-08-12,Wrong Item,223
9477,5498,2024-04-12,Wrong Item,1136
9478,5141,2023-04-01,Defective,2038
9479,5961,2023-11-04,Customer Dissatisfaction,1031
9480,5102,2023-08-26,Defective,2008
9481,5601,2024-01-15,Wrong Item,454
9482,5081,2023-02-07,Wrong Item,489
9483,5932,2023-09-04,Damaged,249
9484,5156,2023-03-04,Wrong Item,1676
9485,5239,2023-03-31,Defective,1274
9486,5147,2024-10-16,Damaged,487
9487,5826,2024-04-27,Damaged,1131
9488,5070,2023-09-19,Defective,1661
9489,5844,2023-07-29,Wrong Item,2156
9490,5807,2023-12-02,Defective,2425
9491,5040,2024-09-01,Wrong Item,1149
9492,5827,2023-01-06,Wrong Item,1661
9493,5403,2024-01-05,Damaged,1357
9494,5279,2023-03-02,Defective,143
9495,5269,2024-08-31,Defective,1013
9496,5751,2024-01-13,Customer Dissatisfaction,1680
9497,5327,2023-05-31,Defective,1478
9498,5351,2023-11-23,Damaged,766
9499,5023,2023-08-05,Wrong Item,2000
9500,5571,2023-10-23,Damaged,857
9501,5998,2024-05-14,Customer Dissatisfaction,2932
9502,5913,2023-03-03,Damaged,922
9503,5119,2023-11-04,Wrong Item,1608
9504,5228,2024-03-10,Customer Dissatisfaction,200
9505,5669,2024-12-01,Customer Dissatisfaction,616
9506,5420,2023-10-23,Wrong Item,1370
9507,5531,2023-03-20,Defective,403
9508,5793,2023-11-18,Customer Dissatisfaction,1132
9509,5786,2024-03-17,Wrong Item,1815
9510,5729,2024-05-12,Customer Dissatisfaction,1362
9511,5436,2024-03-09,Defective,2001
9512,5707,2024-11-02,Wrong Item,1790
9513,5418,2024-05-28,Damaged,1036
9514,5767,2024-09-19,Defective,1664
9515,5770,2024-01-23,Defective,2604
9516,5523,2023-12-29,Defective,2050
9517,5436,2023-07-19,Defective,640
9518,5993,2024-09-21,Defective,2638
9519,5435,2023-11-13,Wrong Item,2014
9520,5205,2024-08-21,Customer Dissatisfaction,1198
9521,5070,2024-06-12,Wrong Item,2359
9522,5602,2023-02-05,Defective,1038
9523,5221,2024-01-03,Damaged,1826
9524,5583,2024-04-13,Defective,2115
9525,5337,2023-12-12,Defective,1544
9526,5097,2023-01-01,Damaged,678
9527,5281,2024-06-21,Damaged,218
9528,5672,2024-03-30,Damaged,1835
9529,5076,2023-06-21,Defective,2604
9530,5582,2024-04-15,Defective,2932
9531,5501,2024-08-18,Customer Dissatisfaction,2978
9532,5724,2023-09-27,Wrong Item,1829
9533,5893,2024-07-01,Customer Dissatisfaction,1207
9534,5163,2023-07-10,Wrong Item,2211
9535,5818,2023-04-21,Defective,1778
9536,5781,2024-10-11,Damaged,667
9537,5703,2023-09-06,Damaged,2240
9538,5960,2023-02-06,Damaged,996
9539,5910,2024-09-08,Wrong Item,390
9540,5381,2023-03-06,Customer Dissatisfaction,121
9541,5435,2024-11-18,Customer Dissatisfaction,634
9542,5385,2024-01-13,Wrong Item,890
9543,5385,2024-07-01,Defective,1063
9544,5637,2023-10-05,Defective,291
9545,5253,2024-11-23,Wrong Item,531
9546,5496,2024-10-26,Defective,1369
9547,5264,2023-12-17,Damaged,1982
9548,5925,2023-04-09,Damaged,2765
9549,5443,2024-05-30,Wrong Item,2623
9550,5141,2023-06-30,Defective,1389
9551,5698,2023-11-03,Defective,1635
9552,5233,2023-03-23,Wrong Item,347
9553,5624,2024-01-24,Defective,498
9554,5849,2024-03-30,Customer Dissatisfaction,1111
9555,5071,2023-01-20,Customer Dissatisfaction,255
9556,5498,2023-03-04,Customer Dissatisfaction,1018
9557,5387,2024-11-24,Damaged,2169
9558,5480,2024-03-11,Defective,1145
9559,5241,2024-03-11,Wrong Item,1835
9560,5725,2023-01-07,Wrong Item,174
9561,5057,2024-06-06,Damaged,1237
9562,5016,2023-09-06,Wrong Item,1458
9563,5952,2023-05-16,Damaged,1982
9564,5203,2023-07-17,Wrong Item,2140
9565,5606,2024-05-08,Customer Dissatisfaction,2108
9566,5722,2024-02-27,Damaged,2375
9567,5518,2023-01-22,Defective,142
9568,5764,2024-06-20,Defective,423
9569,5572,2023-11-25,Damaged,207
9570,5488,2023-12-09,Wrong Item,743
9571,5262,2024-10-07,Defective,2082
9572,5813,2024-02-23,Wrong Item,2088
9573,5640,2023-12-18,Damaged,2519
9574,5191,2023-04-03,Customer Dissatisfaction,2682
9575,5311,2024-10-01,Customer Dissatisfaction,2587
9576,5093,2024-03-27,Defective,2135
9577,5451,2024-08-07,Damaged,2345
9578,5131,2023-12-20,Customer Dissatisfaction,1321
9579,5329,2024-11-01,Defective,1149
9580,5798,2024-05-19,Wrong Item,2325
9581,5173,2023-01-17,Damaged,236
9582,5727,2024-01-28,Wrong Item,2114
9583,5528,2024-03-23,Damaged,2074
9584,5182,2024-09-26,Damaged,2598
9585,5366,2024-06-24,Defective,1497
9586,5877,2023-10-18,Defective,1074
9587,5077,2023-02-18,Customer Dissatisfaction,712
9588,5757,2024-08-06,Customer Dissatisfaction,2575
9589,5947,2024-04-13,Wrong Item,725
9590,5086,2024-06-17,Defective,2770
9591,5468,2023-12-12,Damaged,1022
9592,5072,2024-11-28,Defective,222
9593,5307,2023-12-06,Defective,2622
9594,5179,2023-09-04,Defective,1341
9595,5712,2024-09-03,Damaged,598
9596,5360,2024-01-05,Wrong Item,2948
9597,5213,2024-02-13,Wrong Item,1024
9598,5081,2024-09-09,Defective,2591
9599,5014,2023-05-25,Customer Dissatisfaction,2879
9600,5466,2024-06-14,Damaged,887
9601,5756,2024-08-27,Defective,2630
9602,5659,2023-02-28,Defective,1929
9603,5704,2023-05-03,Wrong Item,1787
9604,5821,2024-10-27,Damaged,1674
9605,5209,2023-05-24,Customer Dissatisfaction,2190
9606,5656,2024-08-26,Defective,211
9607,5237,2024-11-17,Customer Dissatisfaction,2595
9608,5708,2023-10-24,Customer Dissatisfaction,327
9609,5750,2023-06-12,Wrong Item,521
9610,5444,2023-01-29,Wrong Item,1391
9611,5405,2024-09-13,Defective,1112
9612,5472,2024-02-23,Defective,2604
9613,5249,2023-04-25,Damaged,503
9614,5269,2024-09-04,Damaged,1835
9615,5719,2023-09-01,Customer Dissatisfaction,2877
9616,5355,2024-01-04,Wrong Item,1395
9617,5765,2024-10-16,Wrong Item,2586
9618,5072,2023-03-27,Customer Dissatisfaction,612
9619,5180,2023-03-08,Customer Dissatisfaction,2647
9620,5205,2023-04-08,Defective,2473
9621,5759,2023-09-13,Customer Dissatisfaction,826
9622,5240,2023-03-03,Wrong Item,2890
9623,5605,2024-02-09,Customer Dissatisfaction,2338
9624,5386,2023-05-19,Customer Dissatisfaction,189
9625,5464,2023-11-02,Customer Dissatisfaction,1480
9626,5347,2024-07-31,Wrong Item,2367
9627,5312,2024-09-06,Wrong Item,1082
9628,5171,2023-09-23,Wrong Item,186
9629,5093,2023-07-08,Wrong Item,576
9630,5303,2024-12-01,Customer Dissatisfaction,1831
9631,5289,2024-04-13,Customer Dissatisfaction,814
9632,5044,2023-04-24,Wrong Item,2897
9633,5786,2023-08-04,Damaged,2902
9634,5637,2024-11-24,Wrong Item,1309
9635,5945,2024-08-27,Defective,288
9636,5803,2023-09-16,Defective,2426
9637,5482,2023-10-25,Customer Dissatisfaction,1224
9638,5958,2024-08-24,Damaged,2296
9639,5947,2023-11-10,Defective,1127
9640,5193,2023-03-01,Defective,2444
9641,5166,2024-01-16,Damaged,912
9642,5726,2024-11-30,Defective,1445
9643,5562,2023-03-19,Defective,1371
9644,5919,2023-12-17,Damaged,445
9645,5844,2023-02-07,Wrong Item,1540
9646,5923,2023-01-10,Customer Dissatisfaction,194
9647,5088,2024-04-10,Wrong Item,2297
9648,5161,2023-05-18,Defective,470
9649,5276,2024-10-26,Damaged,2073
9650,5034,2024-02-19,Wrong Item,1775
9651,5491,2024-03-06,Wrong Item,2732
9652,5605,2023-12-06,Damaged,205
9653,5215,2023-10-21,Damaged,1162
9654,5476,2023-08-28,Customer Dissatisfaction,1129
9655,6000,2024-10-10,Defective,397
9656,5396,2024-01-30,Customer Dissatisfaction,1977
9657,5562,2024-06-06,Defective,1074
9658,5944,2023-06-22,Wrong Item,1782
9659,5343,2023-12-03,Defective,1688
9660,5473,2023-11-25,Defective,316
9661,5481,2024-07-10,Damaged,1007
9662,5646,2023-03-10,Wrong Item,1673
9663,5074,2023-03-31,Defective,1007
9664,5308,2024-03-19,Defective,882
9665,5857,2024-04-08,Defective,1444
9666,5899,2023-05-17,Damaged,626
9667,5092,2024-03-23,Damaged,2249
9668,5313,2024-03-25,Defective,2135
9669,5434,2023-04-21,Customer Dissatisfaction,677
9670,5970,2024-04-22,Damaged,2890
9671,5197,2024-07-03,Defective,1257
9672,5918,2024-11-23,Defective,720
9673,5523,2024-02-11,Wrong Item,2066
9674,5718,2024-05-01,Wrong Item,708
9675,5462,2024-08-24,Damaged,683
9676,5446,2024-01-09,Customer Dissatisfaction,108
9677,5461,2024-02-25,Wrong Item,252
9678,5333,2023-04-18,Defective,1755
9679,5641,2023-05-07,Damaged,2417
9680,5790,2023-05-27,Customer Dissatisfaction,1838
9681,5452,2023-03-22,Wrong Item,949
9682,5759,2024-03-24,Customer Dissatisfaction,2449
9683,5318,2023-04-18,Defective,2857
9684,5866,2023-09-07,Customer Dissatisfaction,2495
9685,5438,2024-02-15,Defective,2759
9686,5344,2023-07-16,Damaged,2575
9687,5506,2023-11-09,Wrong Item,127
9688,5973,2023-12-06,Wrong Item,1565
9689,5288,2024-11-25,Damaged,1298
9690,5414,2024-08-03,Defective,1438
9691,5901,2024-01-29,Damaged,2839
9692,5645,2023-10-16,Defective,1557
9693,5251,2023-05-02,Damaged,683
9694,5855,2024-07-09,Wrong Item,1382
9695,5247,2024-08-20,Customer Dissatisfaction,323
9696,5420,2024-10-31,Wrong Item,307
9697,5378,2024-03-04,Damaged,411
9698,5150,2023-10-09,Customer Dissatisfaction,404
9699,5346,2024-04-14,Defective,2712
9700,5674,2024-04-12,Damaged,289
9701,5848,2023-01-11,Wrong Item,1608
9702,5605,2024-09-13,Defective,196
9703,5108,2024-07-25,Defective,2156
9704,5535,2023-07-05,Damaged,1234
9705,5395,2024-07-04,Defective,1398
9706,5907,2023-03-06,Defective,2025
9707,5174,2024-04-18,Wrong Item,2782
9708,5389,2023-05-25,Wrong Item,1369
9709,5193,2023-01-18,Damaged,1112
9710,5677,2023-05-14,Wrong Item,1188
9711,5157,2023-09-06,Damaged,2964
9712,5031,2023-12-10,Customer Dissatisfaction,1866
9713,5052,2023-06-19,Defective,1547
9714,5579,2024-03-02,Damaged,1174
9715,5039,2023-05-30,Damaged,1314
9716,5011,2024-04-13,Damaged,1602
9717,5462,2023-01-16,Damaged,939
9718,5263,2024-02-03,Damaged,2819
9719,5862,2024-08-16,Wrong Item,766
9720,5894,2023-10-15,Damaged,1678
9721,5912,2023-10-26,Customer Dissatisfaction,312
9722,5640,2023-06-01,Customer Dissatisfaction,2158
9723,5378,2024-06-02,Defective,2060
9724,5215,2024-06-15,Wrong Item,2516
9725,5857,2023-03-18,Customer Dissatisfaction,2906
9726,5542,2024-05-01,Wrong Item,2953
9727,5615,2024-11-01,Wrong Item,173
9728,5974,2024-02-04,Defective,1876
9729,5097,2024-06-22,Defective,2814
9730,5047,2023-07-29,Damaged,1381
9731,5124,2023-12-28,Damaged,1114
9732,5589,2023-01-12,Wrong Item,1978
9733,5607,2024-02-25,Customer Dissatisfaction,2048
9734,5943,2024-07-23,Damaged,2527
9735,5141,2024-04-19,Wrong Item,2819
9736,5595,2023-07-16,Damaged,2157
9737,5833,2024-11-19,Damaged,2519
9738,5151,2024-11-10,Damaged,2712
9739,5238,2024-07-26,Defective,2551
9740,5394,2024-08-06,Wrong Item,1214
9741,5541,2023-04-24,Defective,106
9742,5338,2024-08-27,Defective,2437
9743,5321,2023-07-06,Damaged,2349
9744,5240,2023-10-02,Damaged,861
9745,5409,2023-10-23,Customer Dissatisfaction,1477
9746,5253,2024-05-06,Damaged,2812
9747,5284,2023-04-24,Customer Dissatisfaction,2121
9748,5781,2024-09-04,Damaged,1800
9749,5377,2024-01-02,Wrong Item,1342
9750,5929,2024-08-08,Wrong Item,1392
9751,5173,2024-09-10,Wrong Item,863
9752,5211,2023-09-11,Damaged,2183
9753,5218,2024-07-10,Customer Dissatisfaction,2186
9754,5832,2023-02-25,Damaged,1360
9755,5056,2023-10-28,Damaged,522
9756,5663,2024-05-08,Customer Dissatisfaction,2336
9757,5861,2024-09-17,Wrong Item,925
9758,5225,2023-12-23,Wrong Item,1430
9759,5101,2023-05-26,Wrong Item,1090
9760,5340,2023-08-17,Damaged,1844
9761,5568,2023-07-30,Wrong Item,2202
9762,5061,2024-11-25,Defective,819
9763,5663,2023-06-01,Wrong Item,2621
9764,5645,2023-01-03,Wrong Item,2989
9765,5317,2024-09-25,Customer Dissatisfaction,437
9766,5330,2024-03-08,Defective,2893
9767,5052,2023-05-27,Customer Dissatisfaction,1640
9768,5936,2024-09-12,Damaged,1890
9769,5698,2024-01-11,Wrong Item,1644
9770,5576,2024-01-22,Wrong Item,2644
9771,5988,2023-12-02,Damaged,596
9772,5897,2024-11-07,Wrong Item,550
9773,5840,2024-03-15,Wrong Item,2801
9774,5060,2023-03-15,Customer Dissatisfaction,1897
9775,5142,2023-11-29,Defective,1144
9776,5541,2023-07-05,Defective,1118
9777,5020,2024-02-11,Customer Dissatisfaction,2582
9778,5386,2024-11-09,Damaged,725
9779,5920,2024-04-12,Defective,1643
9780,5329,2024-07-08,Damaged,1629
9781,5669,2023-08-15,Damaged,1665
9782,5126,2024-02-05,Wrong Item,785
9783,5612,2023-04-23,Wrong Item,480
9784,5153,2024-10-13,Customer Dissatisfaction,1914
9785,5181,2024-09-26,Damaged,1827
9786,5195,2023-07-05,Customer Dissatisfaction,336
9787,5768,2024-01-15,Damaged,2671
9788,5990,2023-01-27,Damaged,1990
9789,5126,2024-01-06,Wrong Item,1109
9790,5345,2023-04-06,Customer Dissatisfaction,2286
9791,5026,2023-03-17,Wrong Item,1243
9792,5535,2024-09-19,Wrong Item,1890
9793,5854,2024-09-13,Wrong Item,1282
9794,5910,2024-02-22,Customer Dissatisfaction,2309
9795,5599,2024-08-04,Defective,2117
9796,5300,2023-05-01,Customer Dissatisfaction,2842
9797,5559,2023-01-21,Wrong Item,1523
9798,5821,2024-06-15,Damaged,833
9799,5629,2024-07-26,Wrong Item,579
9800,5683,2024-08-16,Wrong Item,713
9801,5048,2023-02-01,Wrong Item,2343
9802,5299,2023-10-07,Defective,2262
9803,5831,2024-11-22,Wrong Item,2729
9804,5016,2024-06-07,Defective,1604
9805,5409,2023-10-05,Wrong Item,2755
9806,5155,2023-10-12,Damaged,2956
9807,5070,2023-12-14,Wrong Item,301
9808,5791,2024-06-03,Defective,2085
9809,5114,2024-06-01,Customer Dissatisfaction,544
9810,5073,2023-03-27,Wrong Item,2915
9811,5557,2024-05-21,Customer Dissatisfaction,2573
9812,5963,2024-09-25,Customer Dissatisfaction,985
9813,5460,2024-02-11,Damaged,802
9814,5354,2024-05-30,Wrong Item,469
9815,5894,2024-05-08,Damaged,667
9816,5230,2024-06-01,Defective,2586
9817,5734,2024-08-06,Defective,678
9818,5639,2023-09-10,Defective,985
9819,5364,2024-02-28,Damaged,813
9820,5115,2024-04-01,Customer Dissatisfaction,635
9821,5758,2023-12-03,Wrong Item,2940
9822,5525,2024-11-27,Customer Dissatisfaction,517
9823,5773,2023-09-04,Defective,2287
9824,5689,2023-05-12,Customer Dissatisfaction,1130
9825,5677,2023-05-18,Damaged,462
9826,5399,2023-03-19,Wrong Item,1481
9827,5140,2024-03-04,Damaged,436
9828,5621,2023-01-04,Wrong Item,548
9829,5433,2024-01-20,Damaged,1002
9830,5868,2023-06-16,Damaged,2099
9831,5591,2023-06-26,Defective,1161
9832,5406,2024-06-14,Defective,1822
9833,5145,2023-08-08,Damaged,2366
9834,5683,2023-04-15,Customer Dissatisfaction,2887
9835,5432,2024-05-27,Wrong Item,1078
9836,5692,2024-05-18,Damaged,2323
9837,5915,2023-04-21,Customer Dissatisfaction,2547
9838,5098,2023-08-06,Defective,1149
9839,5946,2024-10-25,Customer Dissatisfaction,2973
9840,5542,2024-10-21,Damaged,908
9841,5544,2024-04-16,Damaged,1542
9842,5070,2024-10-16,Customer Dissatisfaction,1923
9843,5725,2023-01-21,Damaged,396
9844,5388,2024-03-24,Defective,2097
9845,5650,2024-11-06,Damaged,2184
9846,5140,2023-06-28,Customer Dissatisfaction,2474
9847,5479,2023-02-13,Defective,2035
9848,5922,2023-03-08,Defective,2302
9849,5148,2023-11-10,Defective,2144
9850,5833,2023-07-13,Defective,1606
9851,5192,2024-04-23,Wrong Item,2245
9852,5655,2024-11-06,Damaged,2244
9853,5046,2023-09-16,Wrong Item,2271
9854,5888,2023-09-02,Customer Dissatisfaction,2655
9855,5042,2024-01-27,Wrong Item,1790
9856,5529,2024-02-03,Defective,162
9857,5787,2023-12-08,Customer Dissatisfaction,1169
9858,5094,2023-04-26,Wrong Item,1315
9859,5034,2024-02-17,Customer Dissatisfaction,1098
9860,5934,2023-12-23,Wrong Item,1667
9861,5804,2023-07-27,Customer Dissatisfaction,2099
9862,5824,2024-10-28,Customer Dissatisfaction,1077
9863,5753,2024-03-05,Customer Dissatisfaction,620
9864,5667,2024-07-26,Damaged,2558
9865,5828,2024-04-18,Defective,342
9866,5927,2024-10-16,Damaged,2741
9867,5093,2023-08-04,Customer Dissatisfaction,2571
9868,5100,2023-08-15,Damaged,301
9869,5502,2024-06-02,Customer Dissatisfaction,1918
9870,5252,2024-03-28,Wrong Item,1840
9871,5533,2024-02-25,Wrong Item,698
9872,5946,2023-04-19,Customer Dissatisfaction,535
9873,5881,2024-11-04,Defective,1955
9874,5751,2023-04-04,Defective,859
9875,5166,2023-06-07,Wrong Item,2938
9876,5402,2023-01-18,Customer Dissatisfaction,2247
9877,5562,2024-06-24,Defective,2718
9878,5793,2023-03-02,Customer Dissatisfaction,722
9879,5130,2023-11-02,Wrong Item,2349
9880,5445,2024-07-05,Damaged,275
9881,5063,2023-09-27,Damaged,2422
9882,5880,2023-03-14,Damaged,2032
9883,5733,2023-01-03,Wrong Item,1387
9884,5699,2023-04-12,Customer Dissatisfaction,988
9885,5455,2023-05-23,Defective,2804
9886,5310,2023-12-11,Damaged,1710
9887,5142,2023-07-06,Damaged,372
9888,5462,2023-03-11,Wrong Item,1341
9889,5326,2023-12-13,Damaged,749
9890,5339,2024-07-28,Customer Dissatisfaction,2047
9891,5320,2024-11-17,Wrong Item,1521
9892,5252,2023-10-01,Defective,921
9893,5255,2024-09-08,Defective,2595
9894,5952,2023-08-05,Wrong Item,1376
9895,5083,2024-11-25,Damaged,2578
9896,5046,2023-09-03,Defective,203
9897,5280,2024-06-03,Defective,2459
9898,5516,2024-01-27,Damaged,2811
9899,5271,2024-07-03,Defective,2403
9900,5659,2024-02-29,Defective,547
9901,5171,2024-04-06,Defective,764
9902,5224,2023-07-13,Defective,2558
9903,5745,2023-03-21,Damaged,1373
9904,6000,2024-09-23,Damaged,2891
9905,5933,2023-04-26,Defective,2094
9906,5671,2024-01-29,Damaged,2692
9907,5258,2024-10-09,Damaged,581
9908,5796,2024-10-07,Defective,1028
9909,5210,2024-10-05,Customer Dissatisfaction,1867
9910,5966,2024-04-15,Customer Dissatisfaction,2489
9911,5594,2023-05-16,Damaged,920
9912,5605,2024-01-20,Defective,307
9913,5774,2023-08-21,Wrong Item,1316
9914,5595,2024-09-28,Wrong Item,1984
9915,5063,2024-09-29,Wrong Item,1692
9916,5426,2024-04-30,Wrong Item,418
9917,5234,2024-11-10,Damaged,507
9918,5063,2024-07-11,Defective,2517
9919,5499,2023-02-20,Customer Dissatisfaction,2659
9920,5871,2023-04-25,Damaged,780
9921,5068,2024-08-26,Customer Dissatisfaction,1849
9922,5955,2024-10-01,Wrong Item,1860
9923,5120,2024-11-18,Damaged,2958
9924,5536,2024-07-14,Defective,2275
9925,5528,2024-03-06,Damaged,1836
9926,5485,2024-11-24,Wrong Item,2238
9927,5944,2023-09-03,Wrong Item,143
9928,5398,2024-07-11,Wrong Item,2725
9929,5217,2023-06-23,Defective,1591
9930,5392,2023-03-23,Wrong Item,2304
9931,5294,2023-12-28,Wrong Item,2743
9932,5361,2024-03-18,Customer Dissatisfaction,880
9933,5046,2024-04-02,Defective,1831
9934,5432,2024-08-15,Damaged,260
9935,5790,2023-12-21,Wrong Item,1570
9936,5837,2023-06-03,Customer Dissatisfaction,1414
9937,5519,2023-08-19,Customer Dissatisfaction,183
9938,5670,2023-12-22,Defective,2397
9939,5088,2024-08-19,Customer Dissatisfaction,2385
9940,5928,2024-08-20,Defective,2289
9941,5764,2023-09-19,Defective,2344
9942,5671,2023-06-02,Damaged,2809
9943,5925,2023-08-18,Wrong Item,1537
9944,5146,2024-08-23,Wrong Item,415
9945,5587,2024-11-09,Defective,2921
9946,5233,2023-04-11,Customer Dissatisfaction,852
9947,5821,2023-09-14,Damaged,2720
9948,5608,2023-08-11,Damaged,2246
9949,5517,2024-02-20,Wrong Item,1060
9950,5580,2023-08-13,Wrong Item,2145
9951,5832,2024-01-25,Customer Dissatisfaction,2977
9952,5816,2023-01-30,Wrong Item,1862
9953,5430,2023-07-28,Customer Dissatisfaction,305
9954,5373,2023-01-16,Defective,463
9955,5688,2023-02-20,Customer Dissatisfaction,1008
9956,5869,2023-11-11,Defective,2901
9957,5007,2024-09-02,Damaged,834
9958,5190,2023-06-11,Defective,2048
9959,5901,2024-10-11,Wrong Item,1426
9960,5002,2023-12-23,Damaged,1357
9961,5368,2023-07-31,Customer Dissatisfaction,2439
9962,5954,2024-03-24,Defective,2420
9963,5134,2023-11-29,Damaged,1777
9964,5005,2024-04-22,Customer Dissatisfaction,1804
9965,5224,2023-10-01,Defective,163
9966,5089,2024-02-11,Customer Dissatisfaction,616
9967,5787,2023-12-28,Damaged,343
9968,5214,2023-09-01,Damaged,2503
9969,5694,2024-05-12,Defective,2722
9970,5860,2024-04-18,Customer Dissatisfaction,2811
9971,5088,2024-07-31,Customer Dissatisfaction,484
9972,5569,2024-09-17,Damaged,1619
9973,5876,2023-01-01,Defective,2714
9974,5331,2024-02-03,Defective,175
9975,5688,2023-12-30,Customer Dissatisfaction,1576
9976,5852,2024-02-14,Wrong Item,1192
9977,5783,2023-10-07,Damaged,1761
9978,5160,2024-08-13,Damaged,2106
9979,5396,2024-11-15,Customer Dissatisfaction,327
9980,5617,2024-08-04,Damaged,1662
9981,5166,2023-10-26,Customer Dissatisfaction,2195
9982,5618,2024-05-10,Damaged,1700
9983,5658,2024-10-20,Damaged,2569
9984,5140,2023-12-13,Damaged,273
9985,5379,2024-06-05,Wrong Item,2618
9986,5326,2024-04-15,Wrong Item,735
9987,5648,2024-05-04,Defective,1270
9988,5563,2024-06-28,Customer Dissatisfaction,1917
9989,5202,2023-01-24,Customer Dissatisfaction,1071
9990,5169,2023-10-14,Damaged,1144
9991,5997,2023-11-25,Damaged,2076
9992,5205,2023-09-04,Wrong Item,249
9993,5758,2024-09-09,Customer Dissatisfaction,530
9994,5126,2023-11-14,Customer Dissatisfaction,787
9995,5881,2024-05-02,Wrong Item,2902
9996,5743,2023-09-13,Wrong Item,371
9997,5393,2023-07-14,Damaged,2434
9998,5090,2023-05-16,Damaged,1961
9999,5586,2023-08-16,Customer Dissatisfaction,685
10000,5658,2023-08-10,Wrong Item,2607
